num_asiento,fecha_cpu,num_documento,fecha_contable,fecha_documento,tipo_documento,num_referencia,texto_cabecera,nombre_cuenta,linea_item,indicador_dh,cuenta_mayor,area_negocio,clave_posicion,numero_cuenta,indicador_valor,importe_me,codigo_moneda,importe_debito,importe_credito,importe_neto
1,30124,100066624,10124,10124,SA,MANTENIMIENTO,G/L account document,Caixa Cta 2200079445,1,S,572016,,50,,,-30.0,EUR,0.0,30.0,-30.0
1,30124,100066624,10124,10124,SA,MANTENIMIENTO,G/L account document,Servicios bancarios,2,S,626000,,40,,5C,30.0,EUR,30.0,0.0,30.0
2,30124,100066625,10124,10124,SA,COMISION,G/L account document,Caixa Cta 2200079445,1,S,572016,,50,,,-30.0,EUR,0.0,30.0,-30.0
2,30124,100066625,10124,10124,SA,COMISION,G/L account document,Servicios bancarios,2,S,626000,,40,,5C,30.0,EUR,30.0,0.0,30.0
3,40124,100066642,10124,10124,SA,LIQ. INTERESES,G/L account document,BMG,1,S,572065,,40,,,22734.44,EUR,22734.44,0.0,22734.44
3,40124,100066642,10124,10124,SA,LIQ. INTERESES,G/L account document,Otros ingresos finan,2,S,769001,,50,,,-22734.44,EUR,0.0,22734.44,-22734.44
4,40124,100066645,10124,311223,AB,,ES,Provision Vacaciones,1,S,640001,,50,,,-304.97,EUR,0.0,304.97,-304.97
4,40124,100066645,10124,311223,AB,,ES,Provision Vacaciones,2,S,640001,,50,,,-1103.1,EUR,0.0,1103.1,-1103.1
4,40124,100066645,10124,311223,AB,,ES,Provision Vacaciones,3,S,640001,,50,,,-1598.23,EUR,0.0,1598.23,-1598.23
4,40124,100066645,10124,311223,AB,,ES,Provision Vacaciones,4,S,640001,,50,,,-989.66,EUR,0.0,989.66,-989.66
4,40124,100066645,10124,311223,AB,,ES,Provision Vacaciones,5,S,640001,,50,,,-2163.95,EUR,0.0,2163.95,-2163.95
4,40124,100066645,10124,311223,AB,,ES,Provision Vacaciones,6,S,640001,,50,,,-2108.56,EUR,0.0,2108.56,-2108.56
4,40124,100066645,10124,311223,AB,,ES,Provision Vacaciones,7,S,640001,,50,,,-1391.04,EUR,0.0,1391.04,-1391.04
4,40124,100066645,10124,311223,AB,,ES,Provision Vacaciones,8,S,640001,,50,,,-543.58,EUR,0.0,543.58,-543.58
4,40124,100066645,10124,311223,AB,,ES,Provision Vacaciones,9,S,640001,,50,,,-812.16,EUR,0.0,812.16,-812.16
4,40124,100066645,10124,311223,AB,,ES,Provision Vacaciones,10,S,640001,,50,,,-486.0,EUR,0.0,486.0,-486.0
4,40124,100066645,10124,311223,AB,,ES,Provision Vacaciones,11,S,640001,,50,,,-907.2,EUR,0.0,907.2,-907.2
4,40124,100066645,10124,311223,AB,,ES,Provision Vacaciones,12,S,640001,,50,,,-730.16,EUR,0.0,730.16,-730.16
4,40124,100066645,10124,311223,AB,,ES,Provision Vacaciones,13,S,640001,,50,,,-918.0,EUR,0.0,918.0,-918.0
4,40124,100066645,10124,311223,AB,,ES,Provision Vacaciones,14,S,640001,,50,,,-770.81,EUR,0.0,770.81,-770.81
4,40124,100066645,10124,311223,AB,,ES,Provision Vacaciones,15,S,640001,,50,,,-9048.41,EUR,0.0,9048.41,-9048.41
4,40124,100066645,10124,311223,AB,,ES,Provision Vacaciones,16,S,640001,,50,,,-5423.36,EUR,0.0,5423.36,-5423.36
4,40124,100066645,10124,311223,AB,,ES,Provision Vacaciones,17,S,640001,,50,,,-48600.43,EUR,0.0,48600.43,-48600.43
4,40124,100066645,10124,311223,AB,,ES,Provision Vacaciones,18,S,640001,,50,,,-55007.88,EUR,0.0,55007.88,-55007.88
4,40124,100066645,10124,311223,AB,,ES,Provision Vacaciones,19,S,640001,,50,,,-7068.6,EUR,0.0,7068.6,-7068.6
4,40124,100066645,10124,311223,AB,,ES,Provision Vacaciones,20,S,640001,,50,,,-14017.31,EUR,0.0,14017.31,-14017.31
4,40124,100066645,10124,311223,AB,,ES,Provision Vacaciones,21,S,640001,,50,,,-23437.85,EUR,0.0,23437.85,-23437.85
4,40124,100066645,10124,311223,AB,,ES,Provision Vacaciones,22,S,640001,,50,,,-4171.49,EUR,0.0,4171.49,-4171.49
4,40124,100066645,10124,311223,AB,,ES,Provision Vacaciones,23,S,640001,,50,,,-3770.01,EUR,0.0,3770.01,-3770.01
4,40124,100066645,10124,311223,AB,,ES,Provision Vacaciones,24,S,640001,,50,,,-1926.0,EUR,0.0,1926.0,-1926.0
4,40124,100066645,10124,311223,AB,,ES,Provision Vacaciones,25,S,640001,,50,,,-2932.03,EUR,0.0,2932.03,-2932.03
4,40124,100066645,10124,311223,AB,,ES,Provision Vacaciones,26,S,640001,,50,,,-55038.57,EUR,0.0,55038.57,-55038.57
4,40124,100066645,10124,311223,AB,,ES,Provision Vacaciones,27,S,640001,,50,,,-819.0,EUR,0.0,819.0,-819.0
4,40124,100066645,10124,311223,AB,,ES,Provision Vacaciones,28,S,640001,,50,,,-2273.05,EUR,0.0,2273.05,-2273.05
4,40124,100066645,10124,311223,AB,,ES,Provision Vacaciones,29,S,640001,,50,,,-508.57,EUR,0.0,508.57,-508.57
4,40124,100066645,10124,311223,AB,,ES,Provision Vacaciones,30,S,640001,,50,,,-895.02,EUR,0.0,895.02,-895.02
4,40124,100066645,10124,311223,AB,,ES,Provision Vacaciones,31,S,640001,,50,,,-10800.35,EUR,0.0,10800.35,-10800.35
4,40124,100066645,10124,311223,AB,,ES,Provision Vacaciones,32,S,640001,,50,,,-217.14,EUR,0.0,217.14,-217.14
4,40124,100066645,10124,311223,AB,,ES,Provision Vacaciones,33,S,640001,,50,,,-1089.87,EUR,0.0,1089.87,-1089.87
4,40124,100066645,10124,311223,AB,,ES,Provision Vacaciones,34,S,640001,,50,,,-475.2,EUR,0.0,475.2,-475.2
4,40124,100066645,10124,311223,AB,,ES,Provision Vacaciones,35,S,640001,,50,,,-2416.7,EUR,0.0,2416.7,-2416.7
4,40124,100066645,10124,311223,AB,,ES,Provision Vacaciones,36,S,640001,,50,,,-1710.42,EUR,0.0,1710.42,-1710.42
4,40124,100066645,10124,311223,AB,,ES,Provision Vacaciones,37,S,640001,,50,,,-1974.6,EUR,0.0,1974.6,-1974.6
4,40124,100066645,10124,311223,AB,,ES,Provision Vacaciones,38,S,640001,,50,,,-750.26,EUR,0.0,750.26,-750.26
4,40124,100066645,10124,311223,AB,,ES,Remuneraciones ptes,39,S,465012,,40,,,269199.54,EUR,269199.54,0.0,269199.54
5,80124,100066659,10124,311223,AB,,PROV SUBCO 1223,Trabajos realizados,1,S,607000,,50,,,-112727.5,EUR,0.0,112727.5,-112727.5
5,80124,100066659,10124,311223,AB,,PROV SUBCO 1223,Trabajos realizados,2,S,607000,,50,,,-18152.0,EUR,0.0,18152.0,-18152.0
5,80124,100066659,10124,311223,AB,,PROV SUBCO 1223,CPUdte,,,Reference No.,,,,,0.0,EUR,0.0,0.0,0.0
5,80124,100066659,10124,311223,AB,,PROV SUBCO 1223,Account Name..............,LIt,A,G/L,BA,PK,,VA,0.0,Curr,0.0,0.0,0.0
5,80124,100066659,10124,311223,AB,,PROV SUBCO 1223,Trabajos realizados,3,S,607000,,50,,,-3520.0,EUR,0.0,3520.0,-3520.0
5,80124,100066659,10124,311223,AB,,PROV SUBCO 1223,Trabajos realizados,4,S,607000,,50,,,-3584.0,EUR,0.0,3584.0,-3584.0
5,80124,100066659,10124,311223,AB,,PROV SUBCO 1223,Trabajos realizados,5,S,607000,,50,,,-19751.82,EUR,0.0,19751.82,-19751.82
5,80124,100066659,10124,311223,AB,,PROV SUBCO 1223,Trabajos realizados,6,S,607000,,50,,,-52770.64,EUR,0.0,52770.64,-52770.64
5,80124,100066659,10124,311223,AB,,PROV SUBCO 1223,Acreed. Facturas pen,7,S,410904,,40,,,210505.96,EUR,210505.96,0.0,210505.96
6,80124,100066660,10124,311223,AB,,PROV SUBCO 1223,Trabajos realizados,1,S,607000,,50,,,-240.0,EUR,0.0,240.0,-240.0
6,80124,100066660,10124,311223,AB,,PROV SUBCO 1223,Acreed. Facturas pen,2,S,410904,,40,,,240.0,EUR,240.0,0.0,240.0
7,80124,100066661,10124,311223,AB,,PROV SUBCO 1223,Trabajos realizados,1,S,607000,,50,,,-11296.75,EUR,0.0,11296.75,-11296.75
7,80124,100066661,10124,311223,AB,,PROV SUBCO 1223,Acreed. Facturas pen,2,S,410904,,40,,,11296.75,EUR,11296.75,0.0,11296.75
8,90124,100066670,10124,311223,AB,,PROV SUBCO 1123,Trabajos realizados,1,S,607002,,50,,,-5630.32,EUR,0.0,5630.32,-5630.32
8,90124,100066670,10124,311223,AB,,PROV SUBCO 1123,Acreed. Facturas pen,2,S,410904,,40,,,5630.32,EUR,5630.32,0.0,5630.32
9,150124,100066698,10124,311223,Z1,,NOMINA 202312,Seguro,1,S,649002,,40,,,131.86,EUR,131.86,0.0,131.86
9,150124,100066698,10124,311223,Z1,,NOMINA 202312,Seguro,2,S,649002,,40,,,25.95,EUR,25.95,0.0,25.95
9,150124,100066698,10124,311223,Z1,,NOMINA 202312,Seguro,3,S,649002,,40,,,85.16,EUR,85.16,0.0,85.16
9,150124,100066698,10124,311223,Z1,,NOMINA 202312,Seguro,4,S,649002,,40,,,478.99,EUR,478.99,0.0,478.99
9,150124,100066698,10124,311223,Z1,,NOMINA 202312,Seguro,5,S,649002,,40,,,75.2,EUR,75.2,0.0,75.2
9,150124,100066698,10124,311223,Z1,,NOMINA 202312,Seguro,6,S,649002,,40,,,1619.92,EUR,1619.92,0.0,1619.92
9,150124,100066698,10124,311223,Z1,,NOMINA 202312,Seguro,7,S,649002,,40,,,41.91,EUR,41.91,0.0,41.91
9,150124,100066698,10124,311223,Z1,,NOMINA 202312,Seguro,8,S,649002,,40,,,164.08,EUR,164.08,0.0,164.08
9,150124,100066698,10124,311223,Z1,,NOMINA 202312,Seguro,9,S,649002,,40,,,117.66,EUR,117.66,0.0,117.66
9,150124,100066698,10124,311223,Z1,,NOMINA 202312,Seguro,10,S,649002,,40,,,575.64,EUR,575.64,0.0,575.64
9,150124,100066698,10124,311223,Z1,,NOMINA 202312,Seguro,11,S,649002,,40,,,71.82,EUR,71.82,0.0,71.82
9,150124,100066698,10124,311223,Z1,,NOMINA 202312,Seguro,12,S,649002,,40,,,2125.09,EUR,2125.09,0.0,2125.09
9,150124,100066698,10124,311223,Z1,,NOMINA 202312,Seguro,13,S,649002,,40,,,832.18,EUR,832.18,0.0,832.18
9,150124,100066698,10124,311223,Z1,,NOMINA 202312,Seguro,14,S,649002,,40,,,151.49,EUR,151.49,0.0,151.49
9,150124,100066698,10124,311223,Z1,,NOMINA 202312,Seguro,15,S,649002,,40,,,255.6,EUR,255.6,0.0,255.6
9,150124,100066698,10124,311223,Z1,,NOMINA 202312,Seguro,16,S,649002,,40,,,9.03,EUR,9.03,0.0,9.03
9,150124,100066698,10124,311223,Z1,,NOMINA 202312,Seguro,17,S,649002,,40,,,11.6,EUR,11.6,0.0,11.6
9,150124,100066698,10124,311223,Z1,,NOMINA 202312,Seguro,18,S,649002,,40,,,13.2,EUR,13.2,0.0,13.2
9,150124,100066698,10124,311223,Z1,,NOMINA 202312,Seguro,19,S,649002,,40,,,32.46,EUR,32.46,0.0,32.46
9,150124,100066698,10124,311223,Z1,,NOMINA 202312,Seguro,20,S,649002,,40,,,8.38,EUR,8.38,0.0,8.38
9,150124,100066698,10124,311223,Z1,,NOMINA 202312,Seguro,21,S,649002,,40,,,342.02,EUR,342.02,0.0,342.02
9,150124,100066698,10124,311223,Z1,,NOMINA 202312,Seguro,22,S,649002,,40,,,5.03,EUR,5.03,0.0,5.03
9,150124,100066698,10124,311223,Z1,,NOMINA 202312,Seguro,23,S,649002,,40,,,13.5,EUR,13.5,0.0,13.5
9,150124,100066698,10124,311223,Z1,,NOMINA 202312,Seguro,24,S,649002,,40,,,15.46,EUR,15.46,0.0,15.46
9,150124,100066698,10124,311223,Z1,,NOMINA 202312,Seguro,25,S,649002,,40,,,5.52,EUR,5.52,0.0,5.52
9,150124,100066698,10124,311223,Z1,,NOMINA 202312,Seguro,26,S,649002,,40,,,73.08,EUR,73.08,0.0,73.08
9,150124,100066698,10124,311223,Z1,,NOMINA 202312,Seguro,27,S,649002,,40,,,50.09,EUR,50.09,0.0,50.09
9,150124,100066698,10124,311223,Z1,,NOMINA 202312,Seguro,28,S,649002,,40,,,10.53,EUR,10.53,0.0,10.53
9,150124,100066698,10124,311223,Z1,,NOMINA 202312,Seguro,29,S,649002,,40,,,55.61,EUR,55.61,0.0,55.61
9,150124,100066698,10124,311223,Z1,,NOMINA 202312,Seguro,30,S,649002,,40,,,7.1,EUR,7.1,0.0,7.1
9,150124,100066698,10124,311223,Z1,,NOMINA 202312,Acreed. Facturas pen,31,S,410904,,50,,,-7713.03,EUR,0.0,7713.03,-7713.03
9,150124,100066698,10124,311223,Z1,,NOMINA 202312,Acreed. Facturas pen,32,S,410904,,50,,,-14.29,EUR,0.0,14.29,-14.29
9,150124,100066698,10124,311223,Z1,,NOMINA 202312,Remuneraciones ptes,33,S,465000,,50,,,-2006038.76,EUR,0.0,2006038.76,-2006038.76
9,150124,100066698,10124,311223,Z1,,NOMINA 202312,Anticipos de remuner,34,S,460001,,50,,,-14.5,EUR,0.0,14.5,-14.5
9,150124,100066698,10124,311223,Z1,,NOMINA 202312,Anticipos de remuner,35,S,460001,,50,,,-2000.0,EUR,0.0,2000.0,-2000.0
9,150124,100066698,10124,311223,Z1,,NOMINA 202312,Anticipos de remuner,36,S,460001,,50,,,-14.5,EUR,0.0,14.5,-14.5
9,150124,100066698,10124,311223,Z1,,NOMINA 202312,CPUdte,,,Reference No.,,,,,0.0,EUR,0.0,0.0,0.0
9,150124,100066698,10124,311223,Z1,,NOMINA 202312,Account Name..............,LIt,A,G/L,BA,PK,,VA,0.0,Curr,0.0,0.0,0.0
9,150124,100066698,10124,311223,Z1,,NOMINA 202312,Anticipos de remuner,37,S,460001,,50,,,-14.5,EUR,0.0,14.5,-14.5
9,150124,100066698,10124,311223,Z1,,NOMINA 202312,Anticipos de remuner,38,S,460001,,50,,,-1514.7,EUR,0.0,1514.7,-1514.7
9,150124,100066698,10124,311223,Z1,,NOMINA 202312,Anticipos de remuner,39,S,460001,,50,,,-14.7,EUR,0.0,14.7,-14.7
9,150124,100066698,10124,311223,Z1,,NOMINA 202312,Anticipos de remuner,40,S,460001,,50,,,-14.5,EUR,0.0,14.5,-14.5
9,150124,100066698,10124,311223,Z1,,NOMINA 202312,Anticipos de remuner,41,S,460001,,50,,,-13.1,EUR,0.0,13.1,-13.1
9,150124,100066698,10124,311223,Z1,,NOMINA 202312,Anticipos de remuner,42,S,460001,,50,,,-14.7,EUR,0.0,14.7,-14.7
9,150124,100066698,10124,311223,Z1,,NOMINA 202312,Anticipos de remuner,43,S,460001,,50,,,-14.7,EUR,0.0,14.7,-14.7
9,150124,100066698,10124,311223,Z1,,NOMINA 202312,Anticipos de remuner,44,S,460001,,50,,,-14.7,EUR,0.0,14.7,-14.7
9,150124,100066698,10124,311223,Z1,,NOMINA 202312,Anticipos de remuner,45,S,460001,,50,,,-14.7,EUR,0.0,14.7,-14.7
9,150124,100066698,10124,311223,Z1,,NOMINA 202312,Anticipos de remuner,46,S,460001,,50,,,-6.05,EUR,0.0,6.05,-6.05
9,150124,100066698,10124,311223,Z1,,NOMINA 202312,Anticipos de remuner,47,S,460001,,50,,,-3.68,EUR,0.0,3.68,-3.68
9,150124,100066698,10124,311223,Z1,,NOMINA 202312,Anticipos de remuner,48,S,460001,,50,,,-1.91,EUR,0.0,1.91,-1.91
9,150124,100066698,10124,311223,Z1,,NOMINA 202312,Anticipos de remuner,49,S,460001,,50,,,-9.26,EUR,0.0,9.26,-9.26
9,150124,100066698,10124,311223,Z1,,NOMINA 202312,Anticipos de remuner,50,S,460001,,50,,,-14.7,EUR,0.0,14.7,-14.7
9,150124,100066698,10124,311223,Z1,,NOMINA 202312,Anticipos de remuner,51,S,460001,,50,,,-2500.0,EUR,0.0,2500.0,-2500.0
9,150124,100066698,10124,311223,Z1,,NOMINA 202312,Anticipos de remuner,52,S,460001,,40,,,2.43,EUR,2.43,0.0,2.43
9,150124,100066698,10124,311223,Z1,,NOMINA 202312,Anticipos de remuner,53,S,460001,,50,,,-2.03,EUR,0.0,2.03,-2.03
9,150124,100066698,10124,311223,Z1,,NOMINA 202312,Anticipos de remuner,54,S,460001,,50,,,-200.0,EUR,0.0,200.0,-200.0
9,150124,100066698,10124,311223,Z1,,NOMINA 202312,Anticipos de remuner,55,S,460001,,50,,,-1.85,EUR,0.0,1.85,-1.85
9,150124,100066698,10124,311223,Z1,,NOMINA 202312,Anticipos de remuner,56,S,460001,,50,,,-0.04,EUR,0.0,0.04,-0.04
9,150124,100066698,10124,311223,Z1,,NOMINA 202312,Anticipos de remuner,57,S,460001,,50,,,-2.24,EUR,0.0,2.24,-2.24
9,150124,100066698,10124,311223,Z1,,NOMINA 202312,Anticipos de remuner,58,S,460001,,40,,,673.31,EUR,673.31,0.0,673.31
9,150124,100066698,10124,311223,Z1,,NOMINA 202312,Anticipos de remuner,59,S,460001,,50,,,-0.02,EUR,0.0,0.02,-0.02
9,150124,100066698,10124,311223,Z1,,NOMINA 202312,Anticipos de remuner,60,S,460001,,40,,,0.02,EUR,0.02,0.0,0.02
9,150124,100066698,10124,311223,Z1,,NOMINA 202312,Anticipos de remuner,61,S,460001,,40,,,1.99,EUR,1.99,0.0,1.99
9,150124,100066698,10124,311223,Z1,,NOMINA 202312,Anticipos de remuner,62,S,460001,,50,,,-0.78,EUR,0.0,0.78,-0.78
9,150124,100066698,10124,311223,Z1,,NOMINA 202312,Anticipos de remuner,63,S,460001,,50,,,-33.33,EUR,0.0,33.33,-33.33
9,150124,100066698,10124,311223,Z1,,NOMINA 202312,Anticipos de remuner,64,S,460001,,50,,,-1500.0,EUR,0.0,1500.0,-1500.0
9,150124,100066698,10124,311223,Z1,,NOMINA 202312,Anticipos de remuner,65,S,460001,,50,,,-15.69,EUR,0.0,15.69,-15.69
9,150124,100066698,10124,311223,Z1,,NOMINA 202312,Anticipos de remuner,66,S,460001,,50,,,-105.87,EUR,0.0,105.87,-105.87
9,150124,100066698,10124,311223,Z1,,NOMINA 202312,Anticipos de remuner,67,S,460001,,40,,,0.01,EUR,0.01,0.0,0.01
9,150124,100066698,10124,311223,Z1,,NOMINA 202312,Anticipos de remuner,68,S,460001,,50,,,-102.76,EUR,0.0,102.76,-102.76
9,150124,100066698,10124,311223,Z1,,NOMINA 202312,Anticipos de remuner,69,S,460001,,50,,,-2.52,EUR,0.0,2.52,-2.52
9,150124,100066698,10124,311223,Z1,,NOMINA 202312,Anticipos de remuner,70,S,460001,,40,,,2.2,EUR,2.2,0.0,2.2
9,150124,100066698,10124,311223,Z1,,NOMINA 202312,Anticipos de remuner,71,S,460001,,40,,,198.66,EUR,198.66,0.0,198.66
9,150124,100066698,10124,311223,Z1,,NOMINA 202312,Anticipos de remuner,72,S,460001,,50,,,-198.66,EUR,0.0,198.66,-198.66
9,150124,100066698,10124,311223,Z1,,NOMINA 202312,Anticipos de remuner,73,S,460001,,40,,,4.4,EUR,4.4,0.0,4.4
9,150124,100066698,10124,311223,Z1,,NOMINA 202312,Anticipos de remuner,74,S,460001,,50,,,-5.19,EUR,0.0,5.19,-5.19
9,150124,100066698,10124,311223,Z1,,NOMINA 202312,Anticipos de remuner,75,S,460001,,50,,,-1500.0,EUR,0.0,1500.0,-1500.0
9,150124,100066698,10124,311223,Z1,,NOMINA 202312,Anticipos de remuner,76,S,460001,,50,,,-150.0,EUR,0.0,150.0,-150.0
9,150124,100066698,10124,311223,Z1,,NOMINA 202312,Anticipos de remuner,77,S,460001,,40,,,79.53,EUR,79.53,0.0,79.53
9,150124,100066698,10124,311223,Z1,,NOMINA 202312,Anticipos de remuner,78,S,460001,,40,,,305.72,EUR,305.72,0.0,305.72
9,150124,100066698,10124,311223,Z1,,NOMINA 202312,Anticipos de remuner,79,S,460001,,50,,,-300.0,EUR,0.0,300.0,-300.0
9,150124,100066698,10124,311223,Z1,,NOMINA 202312,Anticipos de remuner,80,S,460001,,40,,,402.02,EUR,402.02,0.0,402.02
9,150124,100066698,10124,311223,Z1,,NOMINA 202312,Anticipos de remuner,81,S,460001,,40,,,1.62,EUR,1.62,0.0,1.62
9,150124,100066698,10124,311223,Z1,,NOMINA 202312,Anticipos de remuner,82,S,460001,,40,,,1.4,EUR,1.4,0.0,1.4
9,150124,100066698,10124,311223,Z1,,NOMINA 202312,Anticipos de remuner,83,S,460001,,50,,,-800.0,EUR,0.0,800.0,-800.0
9,150124,100066698,10124,311223,Z1,,NOMINA 202312,Anticipos de remuner,84,S,460001,,40,,,4.7,EUR,4.7,0.0,4.7
9,150124,100066698,10124,311223,Z1,,NOMINA 202312,Anticipos de remuner,85,S,460001,,50,,,-1.61,EUR,0.0,1.61,-1.61
9,150124,100066698,10124,311223,Z1,,NOMINA 202312,Anticipos de remuner,86,S,460001,,40,,,3.38,EUR,3.38,0.0,3.38
9,150124,100066698,10124,311223,Z1,,NOMINA 202312,Anticipos de remuner,87,S,460001,,50,,,-1500.0,EUR,0.0,1500.0,-1500.0
9,150124,100066698,10124,311223,Z1,,NOMINA 202312,Anticipos de remuner,88,S,460001,,40,,,1.8,EUR,1.8,0.0,1.8
9,150124,100066698,10124,311223,Z1,,NOMINA 202312,Anticipos de remuner,89,S,460001,,40,,,0.67,EUR,0.67,0.0,0.67
9,150124,100066698,10124,311223,Z1,,NOMINA 202312,Anticipos de remuner,90,S,460001,,50,,,-300.0,EUR,0.0,300.0,-300.0
9,150124,100066698,10124,311223,Z1,,NOMINA 202312,Anticipos de remuner,91,S,460001,,50,,,-95.04,EUR,0.0,95.04,-95.04
9,150124,100066698,10124,311223,Z1,,NOMINA 202312,CPUdte,,,Reference No.,,,,,0.0,EUR,0.0,0.0,0.0
9,150124,100066698,10124,311223,Z1,,NOMINA 202312,Account Name..............,LIt,A,G/L,BA,PK,,VA,0.0,Curr,0.0,0.0,0.0
9,150124,100066698,10124,311223,Z1,,NOMINA 202312,Anticipos de remuner,92,S,460001,,50,,,-150.0,EUR,0.0,150.0,-150.0
9,150124,100066698,10124,311223,Z1,,NOMINA 202312,Anticipos de remuner,93,S,460001,,40,,,7.4,EUR,7.4,0.0,7.4
9,150124,100066698,10124,311223,Z1,,NOMINA 202312,Anticipos de remuner,94,S,460001,,40,,,0.29,EUR,0.29,0.0,0.29
9,150124,100066698,10124,311223,Z1,,NOMINA 202312,Remuneraciones ptes,95,S,465007,,50,,,-10.71,EUR,0.0,10.71,-10.71
9,150124,100066698,10124,311223,Z1,,NOMINA 202312,Remuneraciones ptes,96,S,465004,,40,,,1290449.39,EUR,1290449.39,0.0,1290449.39
9,150124,100066698,10124,311223,Z1,,NOMINA 202312,Remuneraciones ptes,97,S,465004,,50,,,-216491.9,EUR,0.0,216491.9,-216491.9
9,150124,100066698,10124,311223,Z1,,NOMINA 202312,Organismos de la Seg,98,S,476001,,50,,,-557844.9,EUR,0.0,557844.9,-557844.9
"9,150124,100066698,10124,311223,Z1,,NOMINA 202312,""HP, Acreed.Ret.pract"",99,S,475100,,50,,,-537499.31,EUR,0.0,537499.31,-537499.31"
"9,150124,100066698,10124,311223,Z1,,NOMINA 202312,""HP, Acreed.Ret.pract"",100,S,475103,,50,,,-7367.71,EUR,0.0,7367.71,-7367.71"
"9,150124,100066698,10124,311223,Z1,,NOMINA 202312,""HP, Acreed.Ret.pract"",101,S,475106,,50,,,-9377.43,EUR,0.0,9377.43,-9377.43"
"9,150124,100066698,10124,311223,Z1,,NOMINA 202312,""HP, Acreed.Ret.pract"",102,S,475107,,50,,,-69.32,EUR,0.0,69.32,-69.32"
9,150124,100066698,10124,311223,Z1,,NOMINA 202312,Organismo SS,103,S,476002,,50,,,-24281.29,EUR,0.0,24281.29,-24281.29
9,150124,100066698,10124,311223,Z1,,NOMINA 202312,Arrendamiento Coches,104,S,621007,,50,,,-398.92,EUR,0.0,398.92,-398.92
9,150124,100066698,10124,311223,Z1,,NOMINA 202312,Arrendamiento Coches,105,S,621007,,50,,,-345.23,EUR,0.0,345.23,-345.23
9,150124,100066698,10124,311223,Z1,,NOMINA 202312,Formación,106,S,629600,,40,,,77.99,EUR,77.99,0.0,77.99
9,150124,100066698,10124,311223,Z1,,NOMINA 202312,Formación,107,S,629600,,40,,,36.12,EUR,36.12,0.0,36.12
9,150124,100066698,10124,311223,Z1,,NOMINA 202312,Formación,108,S,629600,,40,,,74.22,EUR,74.22,0.0,74.22
9,150124,100066698,10124,311223,Z1,,NOMINA 202312,Sueldos y salarios,109,S,640000,,40,,,5561.81,EUR,5561.81,0.0,5561.81
9,150124,100066698,10124,311223,Z1,,NOMINA 202312,Sueldos y salarios,110,S,640000,,40,,,1998.04,EUR,1998.04,0.0,1998.04
9,150124,100066698,10124,311223,Z1,,NOMINA 202312,Sueldos y salarios,111,S,640000,,40,,,7440.6,EUR,7440.6,0.0,7440.6
9,150124,100066698,10124,311223,Z1,,NOMINA 202312,Sueldos y salarios,112,S,640000,,40,,,3000.0,EUR,3000.0,0.0,3000.0
9,150124,100066698,10124,311223,Z1,,NOMINA 202312,Sueldos y salarios,113,S,640000,,40,,,3905.03,EUR,3905.03,0.0,3905.03
9,150124,100066698,10124,311223,Z1,,NOMINA 202312,Sueldos y salarios,114,S,640000,,40,,,5097.45,EUR,5097.45,0.0,5097.45
9,150124,100066698,10124,311223,Z1,,NOMINA 202312,Sueldos y salarios,115,S,640000,,40,,,4527.32,EUR,4527.32,0.0,4527.32
9,150124,100066698,10124,311223,Z1,,NOMINA 202312,Sueldos y salarios,116,S,640000,,40,,,9625.92,EUR,9625.92,0.0,9625.92
9,150124,100066698,10124,311223,Z1,,NOMINA 202312,Sueldos y salarios,117,S,640000,,40,,,3785.71,EUR,3785.71,0.0,3785.71
9,150124,100066698,10124,311223,Z1,,NOMINA 202312,Sueldos y salarios,118,S,640000,,40,,,3652.68,EUR,3652.68,0.0,3652.68
9,150124,100066698,10124,311223,Z1,,NOMINA 202312,Sueldos y salarios,119,S,640000,,40,,,6177.63,EUR,6177.63,0.0,6177.63
9,150124,100066698,10124,311223,Z1,,NOMINA 202312,Sueldos y salarios,120,S,640000,,40,,,4182.14,EUR,4182.14,0.0,4182.14
9,150124,100066698,10124,311223,Z1,,NOMINA 202312,Sueldos y salarios,121,S,640000,,40,,,2923.96,EUR,2923.96,0.0,2923.96
9,150124,100066698,10124,311223,Z1,,NOMINA 202312,Sueldos y salarios,122,S,640000,,40,,,2810.5,EUR,2810.5,0.0,2810.5
9,150124,100066698,10124,311223,Z1,,NOMINA 202312,Sueldos y salarios,123,S,640000,,40,,,5850.0,EUR,5850.0,0.0,5850.0
9,150124,100066698,10124,311223,Z1,,NOMINA 202312,Sueldos y salarios,124,S,640000,,40,,,3533.69,EUR,3533.69,0.0,3533.69
9,150124,100066698,10124,311223,Z1,,NOMINA 202312,Sueldos y salarios,125,S,640000,,40,,,3928.57,EUR,3928.57,0.0,3928.57
9,150124,100066698,10124,311223,Z1,,NOMINA 202312,Sueldos y salarios,126,S,640000,,40,,,35529.17,EUR,35529.17,0.0,35529.17
9,150124,100066698,10124,311223,Z1,,NOMINA 202312,Sueldos y salarios,127,S,640000,,40,,,20563.97,EUR,20563.97,0.0,20563.97
9,150124,100066698,10124,311223,Z1,,NOMINA 202312,Sueldos y salarios,128,S,640000,,40,,,200165.13,EUR,200165.13,0.0,200165.13
9,150124,100066698,10124,311223,Z1,,NOMINA 202312,Sueldos y salarios,129,S,640000,,40,,,260165.46,EUR,260165.46,0.0,260165.46
9,150124,100066698,10124,311223,Z1,,NOMINA 202312,Sueldos y salarios,130,S,640000,,40,,,29242.07,EUR,29242.07,0.0,29242.07
9,150124,100066698,10124,311223,Z1,,NOMINA 202312,Sueldos y salarios,131,S,640000,,40,,,69730.41,EUR,69730.41,0.0,69730.41
9,150124,100066698,10124,311223,Z1,,NOMINA 202312,Sueldos y salarios,132,S,640000,,40,,,118670.68,EUR,118670.68,0.0,118670.68
9,150124,100066698,10124,311223,Z1,,NOMINA 202312,Sueldos y salarios,133,S,640000,,40,,,12637.15,EUR,12637.15,0.0,12637.15
9,150124,100066698,10124,311223,Z1,,NOMINA 202312,Sueldos y salarios,134,S,640000,,40,,,19859.06,EUR,19859.06,0.0,19859.06
9,150124,100066698,10124,311223,Z1,,NOMINA 202312,Sueldos y salarios,135,S,640000,,40,,,9604.43,EUR,9604.43,0.0,9604.43
9,150124,100066698,10124,311223,Z1,,NOMINA 202312,Sueldos y salarios,136,S,640000,,40,,,15721.38,EUR,15721.38,0.0,15721.38
9,150124,100066698,10124,311223,Z1,,NOMINA 202312,Sueldos y salarios,137,S,640000,,40,,,305910.21,EUR,305910.21,0.0,305910.21
9,150124,100066698,10124,311223,Z1,,NOMINA 202312,Sueldos y salarios,138,S,640000,,40,,,3212.26,EUR,3212.26,0.0,3212.26
9,150124,100066698,10124,311223,Z1,,NOMINA 202312,Sueldos y salarios,139,S,640000,,40,,,11576.25,EUR,11576.25,0.0,11576.25
9,150124,100066698,10124,311223,Z1,,NOMINA 202312,Sueldos y salarios,140,S,640000,,40,,,13101.07,EUR,13101.07,0.0,13101.07
9,150124,100066698,10124,311223,Z1,,NOMINA 202312,Sueldos y salarios,141,S,640000,,40,,,5656.44,EUR,5656.44,0.0,5656.44
9,150124,100066698,10124,311223,Z1,,NOMINA 202312,Sueldos y salarios,142,S,640000,,40,,,3571.43,EUR,3571.43,0.0,3571.43
9,150124,100066698,10124,311223,Z1,,NOMINA 202312,Sueldos y salarios,143,S,640000,,40,,,39454.99,EUR,39454.99,0.0,39454.99
9,150124,100066698,10124,311223,Z1,,NOMINA 202312,Sueldos y salarios,144,S,640000,,40,,,2172.7,EUR,2172.7,0.0,2172.7
9,150124,100066698,10124,311223,Z1,,NOMINA 202312,Sueldos y salarios,145,S,640000,,40,,,3278.97,EUR,3278.97,0.0,3278.97
9,150124,100066698,10124,311223,Z1,,NOMINA 202312,Sueldos y salarios,146,S,640000,,40,,,4988.09,EUR,4988.09,0.0,4988.09
9,150124,100066698,10124,311223,Z1,,NOMINA 202312,CPUdte,,,Reference No.,,,,,0.0,EUR,0.0,0.0,0.0
9,150124,100066698,10124,311223,Z1,,NOMINA 202312,Account Name..............,LIt,A,G/L,BA,PK,,VA,0.0,Curr,0.0,0.0,0.0
9,150124,100066698,10124,311223,Z1,,NOMINA 202312,Sueldos y salarios,147,S,640000,,40,,,2357.14,EUR,2357.14,0.0,2357.14
9,150124,100066698,10124,311223,Z1,,NOMINA 202312,Sueldos y salarios,148,S,640000,,40,,,9694.5,EUR,9694.5,0.0,9694.5
9,150124,100066698,10124,311223,Z1,,NOMINA 202312,Sueldos y salarios,149,S,640000,,40,,,5657.56,EUR,5657.56,0.0,5657.56
9,150124,100066698,10124,311223,Z1,,NOMINA 202312,Sueldos y salarios,150,S,640000,,40,,,1598.3,EUR,1598.3,0.0,1598.3
9,150124,100066698,10124,311223,Z1,,NOMINA 202312,Sueldos y salarios,151,S,640000,,40,,,6264.16,EUR,6264.16,0.0,6264.16
9,150124,100066698,10124,311223,Z1,,NOMINA 202312,Sueldos y salarios,152,S,640000,,40,,,1673.02,EUR,1673.02,0.0,1673.02
9,150124,100066698,10124,311223,Z1,,NOMINA 202312,Servicios Profesiona,153,S,623001,,40,,,8352.0,EUR,8352.0,0.0,8352.0
9,150124,100066698,10124,311223,Z1,,NOMINA 202312,Servicios Profesiona,154,S,623001,,40,,,2448.0,EUR,2448.0,0.0,2448.0
9,150124,100066698,10124,311223,Z1,,NOMINA 202312,Traspaso de Coches,155,S,640005,,40,,,398.92,EUR,398.92,0.0,398.92
9,150124,100066698,10124,311223,Z1,,NOMINA 202312,Traspaso de Coches,156,S,640005,,40,,,345.23,EUR,345.23,0.0,345.23
9,150124,100066698,10124,311223,Z1,,NOMINA 202312,Provisión Paga Extra,157,S,640003,,40,,,945.68,EUR,945.68,0.0,945.68
9,150124,100066698,10124,311223,Z1,,NOMINA 202312,Provisión Paga Extra,158,S,640003,,40,,,336.17,EUR,336.17,0.0,336.17
9,150124,100066698,10124,311223,Z1,,NOMINA 202312,Provisión Paga Extra,159,S,640003,,40,,,1264.54,EUR,1264.54,0.0,1264.54
9,150124,100066698,10124,311223,Z1,,NOMINA 202312,Provisión Paga Extra,160,S,640003,,40,,,500.0,EUR,500.0,0.0,500.0
9,150124,100066698,10124,311223,Z1,,NOMINA 202312,Provisión Paga Extra,161,S,640003,,40,,,666.67,EUR,666.67,0.0,666.67
9,150124,100066698,10124,311223,Z1,,NOMINA 202312,Provisión Paga Extra,162,S,640003,,40,,,892.5,EUR,892.5,0.0,892.5
9,150124,100066698,10124,311223,Z1,,NOMINA 202312,Provisión Paga Extra,163,S,640003,,40,,,757.72,EUR,757.72,0.0,757.72
9,150124,100066698,10124,311223,Z1,,NOMINA 202312,Provisión Paga Extra,164,S,640003,,40,,,1604.32,EUR,1604.32,0.0,1604.32
9,150124,100066698,10124,311223,Z1,,NOMINA 202312,Provisión Paga Extra,165,S,640003,,40,,,630.95,EUR,630.95,0.0,630.95
9,150124,100066698,10124,311223,Z1,,NOMINA 202312,Provisión Paga Extra,166,S,640003,,40,,,604.17,EUR,604.17,0.0,604.17
9,150124,100066698,10124,311223,Z1,,NOMINA 202312,Provisión Paga Extra,167,S,640003,,40,,,993.77,EUR,993.77,0.0,993.77
9,150124,100066698,10124,311223,Z1,,NOMINA 202312,Provisión Paga Extra,168,S,640003,,40,,,697.02,EUR,697.02,0.0,697.02
9,150124,100066698,10124,311223,Z1,,NOMINA 202312,Provisión Paga Extra,169,S,640003,,40,,,500.0,EUR,500.0,0.0,500.0
9,150124,100066698,10124,311223,Z1,,NOMINA 202312,Provisión Paga Extra,170,S,640003,,40,,,476.19,EUR,476.19,0.0,476.19
9,150124,100066698,10124,311223,Z1,,NOMINA 202312,Provisión Paga Extra,171,S,640003,,40,,,875.0,EUR,875.0,0.0,875.0
9,150124,100066698,10124,311223,Z1,,NOMINA 202312,Provisión Paga Extra,172,S,640003,,40,,,595.24,EUR,595.24,0.0,595.24
9,150124,100066698,10124,311223,Z1,,NOMINA 202312,Provisión Paga Extra,173,S,640003,,40,,,654.76,EUR,654.76,0.0,654.76
9,150124,100066698,10124,311223,Z1,,NOMINA 202312,Provisión Paga Extra,174,S,640003,,40,,,6002.06,EUR,6002.06,0.0,6002.06
9,150124,100066698,10124,311223,Z1,,NOMINA 202312,Provisión Paga Extra,175,S,640003,,40,,,3496.03,EUR,3496.03,0.0,3496.03
9,150124,100066698,10124,311223,Z1,,NOMINA 202312,Provisión Paga Extra,176,S,640003,,40,,,33140.38,EUR,33140.38,0.0,33140.38
9,150124,100066698,10124,311223,Z1,,NOMINA 202312,Provisión Paga Extra,177,S,640003,,40,,,43565.51,EUR,43565.51,0.0,43565.51
9,150124,100066698,10124,311223,Z1,,NOMINA 202312,Provisión Paga Extra,178,S,640003,,40,,,4723.43,EUR,4723.43,0.0,4723.43
9,150124,100066698,10124,311223,Z1,,NOMINA 202312,Provisión Paga Extra,179,S,640003,,40,,,11776.17,EUR,11776.17,0.0,11776.17
9,150124,100066698,10124,311223,Z1,,NOMINA 202312,Provisión Paga Extra,180,S,640003,,40,,,20173.61,EUR,20173.61,0.0,20173.61
9,150124,100066698,10124,311223,Z1,,NOMINA 202312,Provisión Paga Extra,181,S,640003,,40,,,2176.53,EUR,2176.53,0.0,2176.53
9,150124,100066698,10124,311223,Z1,,NOMINA 202312,Provisión Paga Extra,182,S,640003,,40,,,3244.51,EUR,3244.51,0.0,3244.51
9,150124,100066698,10124,311223,Z1,,NOMINA 202312,Provisión Paga Extra,183,S,640003,,40,,,1583.34,EUR,1583.34,0.0,1583.34
9,150124,100066698,10124,311223,Z1,,NOMINA 202312,Provisión Paga Extra,184,S,640003,,40,,,2924.33,EUR,2924.33,0.0,2924.33
9,150124,100066698,10124,311223,Z1,,NOMINA 202312,Provisión Paga Extra,185,S,640003,,40,,,51048.99,EUR,51048.99,0.0,51048.99
9,150124,100066698,10124,311223,Z1,,NOMINA 202312,Provisión Paga Extra,186,S,640003,,40,,,541.67,EUR,541.67,0.0,541.67
9,150124,100066698,10124,311223,Z1,,NOMINA 202312,Provisión Paga Extra,187,S,640003,,40,,,606.92,EUR,606.92,0.0,606.92
9,150124,100066698,10124,311223,Z1,,NOMINA 202312,Provisión Paga Extra,188,S,640003,,40,,,1107.14,EUR,1107.14,0.0,1107.14
9,150124,100066698,10124,311223,Z1,,NOMINA 202312,Provisión Paga Extra,189,S,640003,,40,,,926.79,EUR,926.79,0.0,926.79
9,150124,100066698,10124,311223,Z1,,NOMINA 202312,Provisión Paga Extra,190,S,640003,,40,,,1666.67,EUR,1666.67,0.0,1666.67
9,150124,100066698,10124,311223,Z1,,NOMINA 202312,Provisión Paga Extra,191,S,640003,,40,,,268.84,EUR,268.84,0.0,268.84
9,150124,100066698,10124,311223,Z1,,NOMINA 202312,Sueldos y Salarios.,192,S,640010,,40,,,26.43,EUR,26.43,0.0,26.43
9,150124,100066698,10124,311223,Z1,,NOMINA 202312,Sueldos y Salarios.,193,S,640010,,40,,,13.22,EUR,13.22,0.0,13.22
9,150124,100066698,10124,311223,Z1,,NOMINA 202312,Sueldos y Salarios.,194,S,640010,,40,,,29.08,EUR,29.08,0.0,29.08
9,150124,100066698,10124,311223,Z1,,NOMINA 202312,Sueldos y Salarios.,195,S,640010,,40,,,22.03,EUR,22.03,0.0,22.03
9,150124,100066698,10124,311223,Z1,,NOMINA 202312,Provisión Paga Extra,196,S,640003,,40,,,392.86,EUR,392.86,0.0,392.86
9,150124,100066698,10124,311223,Z1,,NOMINA 202312,Provisión Paga Extra,197,S,640003,,40,,,814.76,EUR,814.76,0.0,814.76
9,150124,100066698,10124,311223,Z1,,NOMINA 202312,Provisión Paga Extra,198,S,640003,,40,,,533.33,EUR,533.33,0.0,533.33
9,150124,100066698,10124,311223,Z1,,NOMINA 202312,Provisión Paga Extra,199,S,640003,,40,,,401.19,EUR,401.19,0.0,401.19
9,150124,100066698,10124,311223,Z1,,NOMINA 202312,Provisión Paga Extra,200,S,640003,,40,,,6622.29,EUR,6622.29,0.0,6622.29
9,150124,100066698,10124,311223,Z1,,NOMINA 202312,Provisión Paga Extra,201,S,640003,,40,,,595.24,EUR,595.24,0.0,595.24
9,150124,100066698,10124,311223,Z1,,NOMINA 202312,CPUdte,,,Reference No.,,,,,0.0,EUR,0.0,0.0,0.0
9,150124,100066698,10124,311223,Z1,,NOMINA 202312,Account Name..............,LIt,A,G/L,BA,PK,,VA,0.0,Curr,0.0,0.0,0.0
9,150124,100066698,10124,311223,Z1,,NOMINA 202312,Provisión Paga Extra,202,S,640003,,40,,,949.41,EUR,949.41,0.0,949.41
9,150124,100066698,10124,311223,Z1,,NOMINA 202312,Provisión Paga Extra,203,S,640003,,40,,,2172.65,EUR,2172.65,0.0,2172.65
9,150124,100066698,10124,311223,Z1,,NOMINA 202312,Provisión Paga Extra,204,S,640003,,40,,,2042.55,EUR,2042.55,0.0,2042.55
9,150124,100066698,10124,311223,Z1,,NOMINA 202312,Sueldos y Salarios.,205,S,640010,,40,,,26.43,EUR,26.43,0.0,26.43
9,150124,100066698,10124,311223,Z1,,NOMINA 202312,Sueldos y Salarios.,206,S,640010,,40,,,21.14,EUR,21.14,0.0,21.14
9,150124,100066698,10124,311223,Z1,,NOMINA 202312,Sueldos y Salarios.,207,S,640010,,40,,,631.29,EUR,631.29,0.0,631.29
9,150124,100066698,10124,311223,Z1,,NOMINA 202312,Sueldos y Salarios.,208,S,640010,,40,,,15.86,EUR,15.86,0.0,15.86
9,150124,100066698,10124,311223,Z1,,NOMINA 202312,Sueldos y Salarios.,209,S,640010,,40,,,23.13,EUR,23.13,0.0,23.13
9,150124,100066698,10124,311223,Z1,,NOMINA 202312,Sueldos y Salarios.,210,S,640010,,40,,,21.14,EUR,21.14,0.0,21.14
9,150124,100066698,10124,311223,Z1,,NOMINA 202312,Sueldos y Salarios.,211,S,640010,,40,,,21.14,EUR,21.14,0.0,21.14
9,150124,100066698,10124,311223,Z1,,NOMINA 202312,Sueldos y Salarios.,212,S,640010,,40,,,26.43,EUR,26.43,0.0,26.43
9,150124,100066698,10124,311223,Z1,,NOMINA 202312,Sueldos y Salarios.,213,S,640010,,40,,,26.43,EUR,26.43,0.0,26.43
9,150124,100066698,10124,311223,Z1,,NOMINA 202312,Sueldos y Salarios.,214,S,640010,,40,,,21.14,EUR,21.14,0.0,21.14
9,150124,100066698,10124,311223,Z1,,NOMINA 202312,Sueldos y Salarios.,215,S,640010,,40,,,146.29,EUR,146.29,0.0,146.29
9,150124,100066698,10124,311223,Z1,,NOMINA 202312,Sueldos y Salarios.,216,S,640010,,40,,,92.52,EUR,92.52,0.0,92.52
9,150124,100066698,10124,311223,Z1,,NOMINA 202312,Sueldos y Salarios.,217,S,640010,,40,,,3442.67,EUR,3442.67,0.0,3442.67
9,150124,100066698,10124,311223,Z1,,NOMINA 202312,Sueldos y Salarios.,218,S,640010,,40,,,9983.22,EUR,9983.22,0.0,9983.22
9,150124,100066698,10124,311223,Z1,,NOMINA 202312,Sueldos y Salarios.,219,S,640010,,40,,,293.36,EUR,293.36,0.0,293.36
9,150124,100066698,10124,311223,Z1,,NOMINA 202312,Sueldos y Salarios.,220,S,640010,,40,,,4550.74,EUR,4550.74,0.0,4550.74
9,150124,100066698,10124,311223,Z1,,NOMINA 202312,Sueldos y Salarios.,221,S,640010,,40,,,998.62,EUR,998.62,0.0,998.62
9,150124,100066698,10124,311223,Z1,,NOMINA 202312,Sueldos y Salarios.,222,S,640010,,40,,,499.3,EUR,499.3,0.0,499.3
9,150124,100066698,10124,311223,Z1,,NOMINA 202312,Sueldos y Salarios.,223,S,640010,,40,,,812.23,EUR,812.23,0.0,812.23
9,150124,100066698,10124,311223,Z1,,NOMINA 202312,Sueldos y Salarios.,224,S,640010,,40,,,52.86,EUR,52.86,0.0,52.86
9,150124,100066698,10124,311223,Z1,,NOMINA 202312,Sueldos y Salarios.,225,S,640010,,40,,,4851.65,EUR,4851.65,0.0,4851.65
9,150124,100066698,10124,311223,Z1,,NOMINA 202312,Sueldos y Salarios.,226,S,640010,,40,,,52947.86,EUR,52947.86,0.0,52947.86
9,150124,100066698,10124,311223,Z1,,NOMINA 202312,Sueldos y Salarios.,227,S,640010,,40,,,15.86,EUR,15.86,0.0,15.86
9,150124,100066698,10124,311223,Z1,,NOMINA 202312,Sueldos y Salarios.,228,S,640010,,40,,,237.12,EUR,237.12,0.0,237.12
9,150124,100066698,10124,311223,Z1,,NOMINA 202312,Sueldos y Salarios.,229,S,640010,,40,,,66.09,EUR,66.09,0.0,66.09
9,150124,100066698,10124,311223,Z1,,NOMINA 202312,Sueldos y Salarios.,230,S,640010,,40,,,39.66,EUR,39.66,0.0,39.66
9,150124,100066698,10124,311223,Z1,,NOMINA 202312,Sueldos y Salarios.,231,S,640010,,40,,,13.22,EUR,13.22,0.0,13.22
9,150124,100066698,10124,311223,Z1,,NOMINA 202312,Sueldos y Salarios.,232,S,640010,,40,,,116.33,EUR,116.33,0.0,116.33
9,150124,100066698,10124,311223,Z1,,NOMINA 202312,Sueldos y Salarios.,233,S,640010,,40,,,13.22,EUR,13.22,0.0,13.22
9,150124,100066698,10124,311223,Z1,,NOMINA 202312,Sueldos y Salarios.,234,S,640010,,40,,,13.22,EUR,13.22,0.0,13.22
9,150124,100066698,10124,311223,Z1,,NOMINA 202312,Sueldos y Salarios.,235,S,640010,,40,,,22.03,EUR,22.03,0.0,22.03
9,150124,100066698,10124,311223,Z1,,NOMINA 202312,Sueldos y Salarios.,236,S,640010,,40,,,13.22,EUR,13.22,0.0,13.22
9,150124,100066698,10124,311223,Z1,,NOMINA 202312,Sueldos y Salarios.,237,S,640010,,40,,,50.68,EUR,50.68,0.0,50.68
9,150124,100066698,10124,311223,Z1,,NOMINA 202312,Sueldos y Salarios.,238,S,640010,,40,,,1138.61,EUR,1138.61,0.0,1138.61
9,150124,100066698,10124,311223,Z1,,NOMINA 202312,Sueldos y Salarios.,239,S,640010,,40,,,3377.44,EUR,3377.44,0.0,3377.44
9,150124,100066698,10124,311223,Z1,,NOMINA 202312,Sueldos y Salarios.,240,S,640010,,40,,,13.22,EUR,13.22,0.0,13.22
9,150124,100066698,10124,311223,Z1,,NOMINA 202312,Seguridad Social a c,241,S,642000,,40,,,1434.06,EUR,1434.06,0.0,1434.06
9,150124,100066698,10124,311223,Z1,,NOMINA 202312,Seguridad Social a c,242,S,642000,,40,,,812.64,EUR,812.64,0.0,812.64
9,150124,100066698,10124,311223,Z1,,NOMINA 202312,Seguridad Social a c,243,S,642000,,40,,,2868.12,EUR,2868.12,0.0,2868.12
9,150124,100066698,10124,311223,Z1,,NOMINA 202312,Seguridad Social a c,244,S,642000,,40,,,1133.55,EUR,1133.55,0.0,1133.55
9,150124,100066698,10124,311223,Z1,,NOMINA 202312,Seguridad Social a c,245,S,642000,,40,,,1434.05,EUR,1434.05,0.0,1434.05
9,150124,100066698,10124,311223,Z1,,NOMINA 202312,Seguridad Social a c,246,S,642000,,40,,,1434.06,EUR,1434.06,0.0,1434.06
9,150124,100066698,10124,311223,Z1,,NOMINA 202312,Seguridad Social a c,247,S,642000,,40,,,1434.06,EUR,1434.06,0.0,1434.06
9,150124,100066698,10124,311223,Z1,,NOMINA 202312,Seguridad Social a c,248,S,642000,,40,,,3837.1,EUR,3837.1,0.0,3837.1
9,150124,100066698,10124,311223,Z1,,NOMINA 202312,Seguridad Social a c,249,S,642000,,40,,,1432.16,EUR,1432.16,0.0,1432.16
9,150124,100066698,10124,311223,Z1,,NOMINA 202312,Seguridad Social a c,250,S,642000,,40,,,1415.77,EUR,1415.77,0.0,1415.77
9,150124,100066698,10124,311223,Z1,,NOMINA 202312,Seguridad Social a c,251,S,642000,,40,,,1434.06,EUR,1434.06,0.0,1434.06
9,150124,100066698,10124,311223,Z1,,NOMINA 202312,Seguridad Social a c,252,S,642000,,40,,,1434.06,EUR,1434.06,0.0,1434.06
9,150124,100066698,10124,311223,Z1,,NOMINA 202312,Seguridad Social a c,253,S,642000,,40,,,1140.24,EUR,1140.24,0.0,1140.24
9,150124,100066698,10124,311223,Z1,,NOMINA 202312,Seguridad Social a c,254,S,642000,,40,,,1088.61,EUR,1088.61,0.0,1088.61
9,150124,100066698,10124,311223,Z1,,NOMINA 202312,Seguridad Social a c,255,S,642000,,40,,,1434.06,EUR,1434.06,0.0,1434.06
9,150124,100066698,10124,311223,Z1,,NOMINA 202312,Seguridad Social a c,256,S,642000,,40,,,1393.85,EUR,1393.85,0.0,1393.85
9,150124,100066698,10124,311223,Z1,,NOMINA 202312,CPUdte,,,Reference No.,,,,,0.0,EUR,0.0,0.0,0.0
9,150124,100066698,10124,311223,Z1,,NOMINA 202312,Account Name..............,LIt,A,G/L,BA,PK,,VA,0.0,Curr,0.0,0.0,0.0
9,150124,100066698,10124,311223,Z1,,NOMINA 202312,Seguridad Social a c,257,S,642000,,40,,,1434.06,EUR,1434.06,0.0,1434.06
9,150124,100066698,10124,311223,Z1,,NOMINA 202312,Seguridad Social a c,258,S,642000,,40,,,11461.47,EUR,11461.47,0.0,11461.47
9,150124,100066698,10124,311223,Z1,,NOMINA 202312,Seguridad Social a c,259,S,642000,,40,,,7055.53,EUR,7055.53,0.0,7055.53
9,150124,100066698,10124,311223,Z1,,NOMINA 202312,Seguridad Social a c,260,S,642000,,40,,,73832.73,EUR,73832.73,0.0,73832.73
9,150124,100066698,10124,311223,Z1,,NOMINA 202312,Seguridad Social a c,261,S,642000,,40,,,99365.57,EUR,99365.57,0.0,99365.57
9,150124,100066698,10124,311223,Z1,,NOMINA 202312,Seguridad Social a c,262,S,642000,,40,,,14365.99,EUR,14365.99,0.0,14365.99
9,150124,100066698,10124,311223,Z1,,NOMINA 202312,Seguridad Social a c,263,S,642000,,40,,,25850.84,EUR,25850.84,0.0,25850.84
9,150124,100066698,10124,311223,Z1,,NOMINA 202312,Seguridad Social a c,264,S,642000,,40,,,35052.85,EUR,35052.85,0.0,35052.85
9,150124,100066698,10124,311223,Z1,,NOMINA 202312,Seguridad Social a c,265,S,642000,,40,,,4287.55,EUR,4287.55,0.0,4287.55
9,150124,100066698,10124,311223,Z1,,NOMINA 202312,Seguridad Social a c,266,S,642000,,40,,,7401.67,EUR,7401.67,0.0,7401.67
9,150124,100066698,10124,311223,Z1,,NOMINA 202312,Seguridad Social a c,267,S,642000,,40,,,3440.8,EUR,3440.8,0.0,3440.8
9,150124,100066698,10124,311223,Z1,,NOMINA 202312,Seguridad Social a c,268,S,642000,,40,,,7124.88,EUR,7124.88,0.0,7124.88
9,150124,100066698,10124,311223,Z1,,NOMINA 202312,Seguridad Social a c,269,S,642000,,40,,,122423.81,EUR,122423.81,0.0,122423.81
9,150124,100066698,10124,311223,Z1,,NOMINA 202312,Seguridad Social a c,270,S,642000,,40,,,1282.21,EUR,1282.21,0.0,1282.21
9,150124,100066698,10124,311223,Z1,,NOMINA 202312,Seguridad Social a c,271,S,642000,,40,,,2319.11,EUR,2319.11,0.0,2319.11
9,150124,100066698,10124,311223,Z1,,NOMINA 202312,Seguridad Social a c,272,S,642000,,40,,,4339.4,EUR,4339.4,0.0,4339.4
9,150124,100066698,10124,311223,Z1,,NOMINA 202312,Seguridad Social a c,273,S,642000,,40,,,2096.37,EUR,2096.37,0.0,2096.37
9,150124,100066698,10124,311223,Z1,,NOMINA 202312,Seguridad Social a c,274,S,642000,,40,,,1350.83,EUR,1350.83,0.0,1350.83
9,150124,100066698,10124,311223,Z1,,NOMINA 202312,Seguridad Social a c,275,S,642000,,40,,,12437.92,EUR,12437.92,0.0,12437.92
9,150124,100066698,10124,311223,Z1,,NOMINA 202312,Seguridad Social a c,276,S,642000,,40,,,953.81,EUR,953.81,0.0,953.81
9,150124,100066698,10124,311223,Z1,,NOMINA 202312,Seguridad Social a c,277,S,642000,,40,,,1291.03,EUR,1291.03,0.0,1291.03
9,150124,100066698,10124,311223,Z1,,NOMINA 202312,Seguridad Social a c,278,S,642000,,40,,,2075.33,EUR,2075.33,0.0,2075.33
9,150124,100066698,10124,311223,Z1,,NOMINA 202312,Seguridad Social a c,279,S,642000,,40,,,898.01,EUR,898.01,0.0,898.01
9,150124,100066698,10124,311223,Z1,,NOMINA 202312,Seguridad Social a c,280,S,642000,,40,,,3955.08,EUR,3955.08,0.0,3955.08
9,150124,100066698,10124,311223,Z1,,NOMINA 202312,Seguridad Social a c,281,S,642000,,40,,,1434.06,EUR,1434.06,0.0,1434.06
9,150124,100066698,10124,311223,Z1,,NOMINA 202312,Seguridad Social a c,282,S,642000,,40,,,982.82,EUR,982.82,0.0,982.82
9,150124,100066698,10124,311223,Z1,,NOMINA 202312,Seguridad Social a c,283,S,642000,,40,,,3424.03,EUR,3424.03,0.0,3424.03
9,150124,100066698,10124,311223,Z1,,NOMINA 202312,Seguridad Social a c,284,S,642000,,40,,,655.59,EUR,655.59,0.0,655.59
9,150124,100066698,10124,311223,Z1,,NOMINA 202312,Seguro,285,S,649002,,40,,,20.32,EUR,20.32,0.0,20.32
9,150124,100066698,10124,311223,Z1,,NOMINA 202312,Seguro,286,S,649002,,40,,,11.12,EUR,11.12,0.0,11.12
9,150124,100066698,10124,311223,Z1,,NOMINA 202312,Seguro,287,S,649002,,40,,,66.47,EUR,66.47,0.0,66.47
9,150124,100066698,10124,311223,Z1,,NOMINA 202312,Seguro,288,S,649002,,40,,,7.14,EUR,7.14,0.0,7.14
9,150124,100066698,10124,311223,Z1,,NOMINA 202312,Seguro,289,S,649002,,40,,,13.72,EUR,13.72,0.0,13.72
9,150124,100066698,10124,311223,Z1,,NOMINA 202312,Seguro,290,S,649002,,40,,,34.13,EUR,34.13,0.0,34.13
9,150124,100066698,10124,311223,Z1,,NOMINA 202312,Seguro,291,S,649002,,40,,,46.87,EUR,46.87,0.0,46.87
9,150124,100066698,10124,311223,Z1,,NOMINA 202312,Seguro,292,S,649002,,40,,,28.08,EUR,28.08,0.0,28.08
9,150124,100066698,10124,311223,Z1,,NOMINA 202312,Seguro,293,S,649002,,40,,,10.67,EUR,10.67,0.0,10.67
9,150124,100066698,10124,311223,Z1,,NOMINA 202312,Seguro,294,S,649002,,40,,,15.84,EUR,15.84,0.0,15.84
9,150124,100066698,10124,311223,Z1,,NOMINA 202312,Seguro,295,S,649002,,40,,,32.55,EUR,32.55,0.0,32.55
9,150124,100066698,10124,311223,Z1,,NOMINA 202312,Seguro,296,S,649002,,40,,,7.51,EUR,7.51,0.0,7.51
9,150124,100066698,10124,311223,Z1,,NOMINA 202312,Seguro,297,S,649002,,40,,,6.98,EUR,6.98,0.0,6.98
9,150124,100066698,10124,311223,Z1,,NOMINA 202312,Seguro,298,S,649002,,40,,,6.47,EUR,6.47,0.0,6.47
10,160124,100066710,10124,311223,Z2,,PRR H2,Provisión Paga Extra,1,S,640003,,40,,,726.47,EUR,726.47,0.0,726.47
10,160124,100066710,10124,311223,Z2,,PRR H2,Remuneraciones ptes,2,S,465004,,50,,,-726.47,EUR,0.0,726.47,-726.47
11,30124,2000068494,10124,10124,ZR,COM.MANT.CAIXA,Bank reconciliation,Caixa Cta 2200079445,1,S,572016,,50,,,-12.1,EUR,0.0,12.1,-12.1
11,30124,2000068494,10124,10124,ZR,COM.MANT.CAIXA,Bank reconciliation,CAIXABANK SA,2,K,410000,,25,,,12.1,EUR,12.1,0.0,12.1
11,30124,2000068494,10124,10124,ZR,COM.MANT.CAIXA,Bank reconciliation,AVDA. DIAGONAL 621,,,,,,,,0.0,EUR,0.0,0.0,0.0
11,30124,2000068494,10124,10124,ZR,COM.MANT.CAIXA,Bank reconciliation,08028 BARCELONA,,,,,,,,0.0,EUR,0.0,0.0,0.0
12,40124,8800048058,10124,311223,TD,,Maite Castro,TELÉFONO PERMANENTE S.L.,1,K,410901,,29,,5C,150.0,EUR,150.0,0.0,150.0
12,40124,8800048058,10124,311223,TD,,Maite Castro,CPUdte,,,Reference No.,,,,,0.0,EUR,0.0,0.0,0.0
12,40124,8800048058,10124,311223,TD,,Maite Castro,Account Name..............,LIt,A,G/L,BA,PK,,VA,0.0,Curr,0.0,0.0,0.0
12,40124,8800048058,10124,311223,TD,,Maite Castro,Calle Berlín 72,,,,,,,,0.0,EUR,0.0,0.0,0.0
12,40124,8800048058,10124,311223,TD,,Maite Castro,08029 Barcelona,,,,,,,,0.0,EUR,0.0,0.0,0.0
12,40124,8800048058,10124,311223,TD,,Maite Castro,Trabajos realizados,2,S,607002,,50,,5C,-150.0,EUR,0.0,150.0,-150.0
13,40124,8800048059,10124,311223,TD,,Antonio Vegas,Orange Business Spain S.A,1,K,410901,,29,,5C,1101.6,EUR,1101.6,0.0,1101.6
"13,40124,8800048059,10124,311223,TD,,Antonio Vegas,""C/ Ulises 99, 1a Planta"",,,,,,,,0.0,EUR,0.0,0.0,0.0"
13,40124,8800048059,10124,311223,TD,,Antonio Vegas,28043 Madrid,,,,,,,,0.0,EUR,0.0,0.0,0.0
13,40124,8800048059,10124,311223,TD,,Antonio Vegas,Telefono Fijo,2,S,629400,,50,,5C,-1101.6,EUR,0.0,1101.6,-1101.6
14,40124,8800048060,10124,311223,TD,,Antonio Vegas,Orange Business Spain S.A,1,K,410901,,29,,5C,662.73,EUR,662.73,0.0,662.73
"14,40124,8800048060,10124,311223,TD,,Antonio Vegas,""C/ Ulises 99, 1a Planta"",,,,,,,,0.0,EUR,0.0,0.0,0.0"
14,40124,8800048060,10124,311223,TD,,Antonio Vegas,28043 Madrid,,,,,,,,0.0,EUR,0.0,0.0,0.0
14,40124,8800048060,10124,311223,TD,,Antonio Vegas,Telefono Fijo,2,S,629400,,50,,5C,-662.73,EUR,0.0,662.73,-662.73
15,40124,8800048061,10124,311223,TD,,Antonio Vegas,Orange Business Spain S.A,1,K,410901,,29,,5C,673.04,EUR,673.04,0.0,673.04
"15,40124,8800048061,10124,311223,TD,,Antonio Vegas,""C/ Ulises 99, 1a Planta"",,,,,,,,0.0,EUR,0.0,0.0,0.0"
15,40124,8800048061,10124,311223,TD,,Antonio Vegas,28043 Madrid,,,,,,,,0.0,EUR,0.0,0.0,0.0
15,40124,8800048061,10124,311223,TD,,Antonio Vegas,Telefono Fijo,2,S,629400,,50,,5C,-673.04,EUR,0.0,673.04,-673.04
16,40124,8800048062,10124,311223,TD,,Maite Castro,Vodafone Espana SAU,1,K,410901,,29,,5C,179.01,EUR,179.01,0.0,179.01
"16,40124,8800048062,10124,311223,TD,,Maite Castro,""Avenida de América, 115"",,,,,,,,0.0,EUR,0.0,0.0,0.0"
16,40124,8800048062,10124,311223,TD,,Maite Castro,28042 Madrid,,,,,,,,0.0,EUR,0.0,0.0,0.0
16,40124,8800048062,10124,311223,TD,,Maite Castro,Telefono Móvil. Line,2,S,629404,,50,,5C,-179.01,EUR,0.0,179.01,-179.01
17,40124,8800048063,10124,311223,TD,,Maite Castro,TELEFONICA DE ESPAÑA,1,K,410901,,29,,5C,200.0,EUR,200.0,0.0,200.0
"17,40124,8800048063,10124,311223,TD,,Maite Castro,""CL GRAN VIA, 28"",,,,,,,,0.0,EUR,0.0,0.0,0.0"
17,40124,8800048063,10124,311223,TD,,Maite Castro,28013 MADRID,,,,,,,,0.0,EUR,0.0,0.0,0.0
17,40124,8800048063,10124,311223,TD,,Maite Castro,Telefono Fijo,2,S,629400,,50,,5C,-200.0,EUR,0.0,200.0,-200.0
18,40124,8800048064,10124,311223,TD,,Maite Castro,ORANGE ESPAGNE S.A.U,1,K,410901,,29,,5C,93.26,EUR,93.26,0.0,93.26
18,40124,8800048064,10124,311223,TD,,Maite Castro,PASEO DEL CLUB DEPORTIVO Nº 1,,,,,,,,0.0,EUR,0.0,0.0,0.0
18,40124,8800048064,10124,311223,TD,,Maite Castro,28223 POZUELO DE ALARCON. MADR,,,,,,,,0.0,EUR,0.0,0.0,0.0
18,40124,8800048064,10124,311223,TD,,Maite Castro,Telefono Móvil. Line,2,S,629404,,50,,5C,-93.26,EUR,0.0,93.26,-93.26
19,40124,8800048065,10124,311223,TD,,Maite Castro,ORANGE ESPAGNE S.A.U,1,K,410901,,29,,5C,93.26,EUR,93.26,0.0,93.26
19,40124,8800048065,10124,311223,TD,,Maite Castro,PASEO DEL CLUB DEPORTIVO Nº 1,,,,,,,,0.0,EUR,0.0,0.0,0.0
19,40124,8800048065,10124,311223,TD,,Maite Castro,28223 POZUELO DE ALARCON. MADR,,,,,,,,0.0,EUR,0.0,0.0,0.0
19,40124,8800048065,10124,311223,TD,,Maite Castro,Telefono Móvil. Line,2,S,629404,,50,,5C,-93.26,EUR,0.0,93.26,-93.26
20,40124,8800048066,10124,311223,TD,,Maite Castro,META PLATFORMS IRELAND LI,1,K,410901,,29,,5C,100.0,EUR,100.0,0.0,100.0
20,40124,8800048066,10124,311223,TD,,Maite Castro,MERRION ROAD,,,,,,,,0.0,EUR,0.0,0.0,0.0
20,40124,8800048066,10124,311223,TD,,Maite Castro,D04 X2K5 DUBLIN,,,,,,,,0.0,EUR,0.0,0.0,0.0
20,40124,8800048066,10124,311223,TD,,Maite Castro,Servicios Profesiona,2,S,623042,,50,,5C,-100.0,EUR,0.0,100.0,-100.0
21,40124,8800048067,10124,311223,TD,,Maite Castro,ORANGE ESPAGNE S.A.U,1,K,410901,,29,,5C,10830.93,EUR,10830.93,0.0,10830.93
21,40124,8800048067,10124,311223,TD,,Maite Castro,PASEO DEL CLUB DEPORTIVO Nº 1,,,,,,,,0.0,EUR,0.0,0.0,0.0
21,40124,8800048067,10124,311223,TD,,Maite Castro,CPUdte,,,Reference No.,,,,,0.0,EUR,0.0,0.0,0.0
21,40124,8800048067,10124,311223,TD,,Maite Castro,Account Name..............,LIt,A,G/L,BA,PK,,VA,0.0,Curr,0.0,0.0,0.0
21,40124,8800048067,10124,311223,TD,,Maite Castro,28223 POZUELO DE ALARCON. MADR,,,,,,,,0.0,EUR,0.0,0.0,0.0
21,40124,8800048067,10124,311223,TD,,Maite Castro,Servicios Profesiona,2,S,623042,,50,,5C,-10830.93,EUR,0.0,10830.93,-10830.93
22,40124,8800048068,10124,311223,TD,,Maite Castro,ORANGE ESPAGNE S.A.U,1,K,410901,,29,,5C,11000.0,EUR,11000.0,0.0,11000.0
22,40124,8800048068,10124,311223,TD,,Maite Castro,PASEO DEL CLUB DEPORTIVO Nº 1,,,,,,,,0.0,EUR,0.0,0.0,0.0
22,40124,8800048068,10124,311223,TD,,Maite Castro,28223 POZUELO DE ALARCON. MADR,,,,,,,,0.0,EUR,0.0,0.0,0.0
22,40124,8800048068,10124,311223,TD,,Maite Castro,Servicios Profesiona,2,S,623042,,50,,5C,-11000.0,EUR,0.0,11000.0,-11000.0
"23,40124,8800048069,10124,311223,TD,,Maite Castro,""Infobip Mobile Services,"",1,K,410901,,29,,5C,1250.0,EUR,1250.0,0.0,1250.0"
"23,40124,8800048069,10124,311223,TD,,Maite Castro,""Plaza Puerta del Sol nº 6, Piso 4"",,,,,,,,0.0,EUR,0.0,0.0,0.0"
23,40124,8800048069,10124,311223,TD,,Maite Castro,28013 MADRID,,,,,,,,0.0,EUR,0.0,0.0,0.0
23,40124,8800048069,10124,311223,TD,,Maite Castro,Servicios Profesiona,2,S,623042,,50,,5C,-1250.0,EUR,0.0,1250.0,-1250.0
"24,40124,8800048070,10124,311223,TD,,Maite Castro,""Infobip Mobile Services,"",1,K,410901,,29,,5C,1404.5,EUR,1404.5,0.0,1404.5"
"24,40124,8800048070,10124,311223,TD,,Maite Castro,""Plaza Puerta del Sol nº 6, Piso 4"",,,,,,,,0.0,EUR,0.0,0.0,0.0"
24,40124,8800048070,10124,311223,TD,,Maite Castro,28013 MADRID,,,,,,,,0.0,EUR,0.0,0.0,0.0
24,40124,8800048070,10124,311223,TD,,Maite Castro,Servicios Profesiona,2,S,623042,,50,,5C,-1404.5,EUR,0.0,1404.5,-1404.5
25,40124,8800048071,10124,311223,TD,,Maite Castro,Link Mobility Spain S.L.U,1,K,410901,,29,,5C,150.0,EUR,150.0,0.0,150.0
"25,40124,8800048071,10124,311223,TD,,Maite Castro,""VIA DE LAS DOS CASTILLAS 33, Primer"",,,,,,,,0.0,EUR,0.0,0.0,0.0"
"25,40124,8800048071,10124,311223,TD,,Maite Castro,""28224 POZUELO DE ALARCON,MADRI"",,,,,,,,0.0,EUR,0.0,0.0,0.0"
25,40124,8800048071,10124,311223,TD,,Maite Castro,Servicios Profesiona,2,S,623042,,50,,5C,-150.0,EUR,0.0,150.0,-150.0
26,40124,8800048072,10124,311223,TD,,Maite Castro,Link Mobility Spain S.L.U,1,K,410901,,29,,5C,150.0,EUR,150.0,0.0,150.0
"26,40124,8800048072,10124,311223,TD,,Maite Castro,""VIA DE LAS DOS CASTILLAS 33, Primer"",,,,,,,,0.0,EUR,0.0,0.0,0.0"
"26,40124,8800048072,10124,311223,TD,,Maite Castro,""28224 POZUELO DE ALARCON,MADRI"",,,,,,,,0.0,EUR,0.0,0.0,0.0"
26,40124,8800048072,10124,311223,TD,,Maite Castro,Servicios Profesiona,2,S,623042,,50,,5C,-150.0,EUR,0.0,150.0,-150.0
27,40124,8800048073,10124,311223,TD,,Maite Castro,Link Mobility Spain S.L.U,1,K,410901,,29,,5C,150.0,EUR,150.0,0.0,150.0
"27,40124,8800048073,10124,311223,TD,,Maite Castro,""VIA DE LAS DOS CASTILLAS 33, Primer"",,,,,,,,0.0,EUR,0.0,0.0,0.0"
"27,40124,8800048073,10124,311223,TD,,Maite Castro,""28224 POZUELO DE ALARCON,MADRI"",,,,,,,,0.0,EUR,0.0,0.0,0.0"
27,40124,8800048073,10124,311223,TD,,Maite Castro,Servicios Profesiona,2,S,623042,,50,,5C,-150.0,EUR,0.0,150.0,-150.0
28,40124,8800048074,10124,311223,TD,,Maite Castro,Link Mobility Spain S.L.U,1,K,410901,,29,,5C,150.0,EUR,150.0,0.0,150.0
"28,40124,8800048074,10124,311223,TD,,Maite Castro,""VIA DE LAS DOS CASTILLAS 33, Primer"",,,,,,,,0.0,EUR,0.0,0.0,0.0"
"28,40124,8800048074,10124,311223,TD,,Maite Castro,""28224 POZUELO DE ALARCON,MADRI"",,,,,,,,0.0,EUR,0.0,0.0,0.0"
28,40124,8800048074,10124,311223,TD,,Maite Castro,Servicios Profesiona,2,S,623042,,50,,5C,-150.0,EUR,0.0,150.0,-150.0
29,40124,8800048075,10124,311223,TD,,Maite Castro,Vodafone Enterprise Globa,1,K,410901,,29,,5C,175500.0,EUR,175500.0,0.0,175500.0
"29,40124,8800048075,10124,311223,TD,,Maite Castro,""Mountain View, Central Park"",,,,,,,,0.0,EUR,0.0,0.0,0.0"
29,40124,8800048075,10124,311223,TD,,Maite Castro,Leopardstown,,,,,,,,0.0,EUR,0.0,0.0,0.0
29,40124,8800048075,10124,311223,TD,,Maite Castro,Servicios Profesiona,2,S,623042,,50,,5C,-175500.0,EUR,0.0,175500.0,-175500.0
30,40124,8800048076,10124,311223,TD,,Maite Castro,Sinch UK Ltd.,1,K,410901,,29,,5C,2000.0,EUR,2000.0,0.0,2000.0
30,40124,8800048076,10124,311223,TD,,Maite Castro,Viking house 1st floor,,,,,,,,0.0,EUR,0.0,0.0,0.0
"30,40124,8800048076,10124,311223,TD,,Maite Castro,""CT15 3BJ BLEAN,KENT, CANTERBURY"",,,,,,,,0.0,EUR,0.0,0.0,0.0"
30,40124,8800048076,10124,311223,TD,,Maite Castro,CPUdte,,,Reference No.,,,,,0.0,EUR,0.0,0.0,0.0
30,40124,8800048076,10124,311223,TD,,Maite Castro,Account Name..............,LIt,A,G/L,BA,PK,,VA,0.0,Curr,0.0,0.0,0.0
30,40124,8800048076,10124,311223,TD,,Maite Castro,Servicios Profesiona,2,S,623042,,50,,5C,-2000.0,EUR,0.0,2000.0,-2000.0
31,40124,8800048077,10124,311223,TD,,Maite Castro,ORANGE ESPAGNE S.A.U,1,K,410901,,29,,5C,241.9,EUR,241.9,0.0,241.9
31,40124,8800048077,10124,311223,TD,,Maite Castro,PASEO DEL CLUB DEPORTIVO Nº 1,,,,,,,,0.0,EUR,0.0,0.0,0.0
31,40124,8800048077,10124,311223,TD,,Maite Castro,28223 POZUELO DE ALARCON. MADR,,,,,,,,0.0,EUR,0.0,0.0,0.0
31,40124,8800048077,10124,311223,TD,,Maite Castro,Servicios Profesiona,2,S,623042,,50,,5C,-241.9,EUR,0.0,241.9,-241.9
32,40124,8800048078,10124,311223,TD,,Maite Castro,LLEIDANETWORKS SERVEIS TE,1,K,410901,,29,,5C,25.0,EUR,25.0,0.0,25.0
32,40124,8800048078,10124,311223,TD,,Maite Castro,Parc Científic i Tecnològic de Llei,,,,,,,,0.0,EUR,0.0,0.0,0.0
32,40124,8800048078,10124,311223,TD,,Maite Castro,25003 LLEIDA,,,,,,,,0.0,EUR,0.0,0.0,0.0
32,40124,8800048078,10124,311223,TD,,Maite Castro,Servicios Profesiona,2,S,623042,,50,,5C,-25.0,EUR,0.0,25.0,-25.0
33,40124,8800048079,10124,311223,TD,,Maite Castro,Vodafone Espana SAU,1,K,410901,,29,,5C,250.0,EUR,250.0,0.0,250.0
"33,40124,8800048079,10124,311223,TD,,Maite Castro,""Avenida de América, 115"",,,,,,,,0.0,EUR,0.0,0.0,0.0"
33,40124,8800048079,10124,311223,TD,,Maite Castro,28042 Madrid,,,,,,,,0.0,EUR,0.0,0.0,0.0
33,40124,8800048079,10124,311223,TD,,Maite Castro,Servicios Profesiona,2,S,623042,,50,,5C,-250.0,EUR,0.0,250.0,-250.0
34,40124,8800048080,10124,311223,TD,,Maite Castro,Orange España Comunicacio,1,K,410901,,29,,5C,2600.17,EUR,2600.17,0.0,2600.17
34,40124,8800048080,10124,311223,TD,,Maite Castro,Sociedad Unipersonal,,,,,,,,0.0,EUR,0.0,0.0,0.0
34,40124,8800048080,10124,311223,TD,,Maite Castro,Paseo del Club Deportivo 1,,,,,,,,0.0,EUR,0.0,0.0,0.0
34,40124,8800048080,10124,311223,TD,,Maite Castro,28223 Madrid,,,,,,,,0.0,EUR,0.0,0.0,0.0
34,40124,8800048080,10124,311223,TD,,Maite Castro,Servicios Profesiona,2,S,623042,,50,,5C,-2600.17,EUR,0.0,2600.17,-2600.17
35,40124,8800048081,10124,311223,TD,,Maite Castro,ORANGE ESPAGNE S.A.U,1,K,410901,,29,,5C,261.21,EUR,261.21,0.0,261.21
35,40124,8800048081,10124,311223,TD,,Maite Castro,PASEO DEL CLUB DEPORTIVO Nº 1,,,,,,,,0.0,EUR,0.0,0.0,0.0
35,40124,8800048081,10124,311223,TD,,Maite Castro,28223 POZUELO DE ALARCON. MADR,,,,,,,,0.0,EUR,0.0,0.0,0.0
35,40124,8800048081,10124,311223,TD,,Maite Castro,Servicios Profesiona,2,S,623042,,50,,5C,-261.21,EUR,0.0,261.21,-261.21
36,40124,8800048082,10124,311223,TD,,Maite Castro,META PLATFORMS IRELAND LI,1,K,410901,,29,,5C,31.77,EUR,31.77,0.0,31.77
36,40124,8800048082,10124,311223,TD,,Maite Castro,MERRION ROAD,,,,,,,,0.0,EUR,0.0,0.0,0.0
36,40124,8800048082,10124,311223,TD,,Maite Castro,D04 X2K5 DUBLIN,,,,,,,,0.0,EUR,0.0,0.0,0.0
36,40124,8800048082,10124,311223,TD,,Maite Castro,Servicios Profesiona,2,S,623042,,50,,5C,-31.77,EUR,0.0,31.77,-31.77
37,40124,8800048083,10124,311223,TD,,Maite Castro,ORANGE ESPAGNE S.A.U,1,K,410901,,29,,5C,324.46,EUR,324.46,0.0,324.46
37,40124,8800048083,10124,311223,TD,,Maite Castro,PASEO DEL CLUB DEPORTIVO Nº 1,,,,,,,,0.0,EUR,0.0,0.0,0.0
37,40124,8800048083,10124,311223,TD,,Maite Castro,28223 POZUELO DE ALARCON. MADR,,,,,,,,0.0,EUR,0.0,0.0,0.0
37,40124,8800048083,10124,311223,TD,,Maite Castro,Servicios Profesiona,2,S,623042,,50,,5C,-324.46,EUR,0.0,324.46,-324.46
38,40124,8800048084,10124,311223,TD,,Maite Castro,ASETEC INGENIERIA DE SIST,1,K,410901,,29,,5C,500.0,EUR,500.0,0.0,500.0
38,40124,8800048084,10124,311223,TD,,Maite Castro,MENSATEK,,,,,,,,0.0,EUR,0.0,0.0,0.0
38,40124,8800048084,10124,311223,TD,,Maite Castro,JAENAR 27,,,,,,,,0.0,EUR,0.0,0.0,0.0
38,40124,8800048084,10124,311223,TD,,Maite Castro,28043 MADRD,,,,,,,,0.0,EUR,0.0,0.0,0.0
38,40124,8800048084,10124,311223,TD,,Maite Castro,Servicios Profesiona,2,S,623042,,50,,5C,-500.0,EUR,0.0,500.0,-500.0
39,40124,8800048085,10124,311223,TD,,Maite Castro,Orange España Comunicacio,1,K,410901,,29,,5C,5000.0,EUR,5000.0,0.0,5000.0
39,40124,8800048085,10124,311223,TD,,Maite Castro,Sociedad Unipersonal,,,,,,,,0.0,EUR,0.0,0.0,0.0
39,40124,8800048085,10124,311223,TD,,Maite Castro,CPUdte,,,Reference No.,,,,,0.0,EUR,0.0,0.0,0.0
39,40124,8800048085,10124,311223,TD,,Maite Castro,Account Name..............,LIt,A,G/L,BA,PK,,VA,0.0,Curr,0.0,0.0,0.0
39,40124,8800048085,10124,311223,TD,,Maite Castro,Paseo del Club Deportivo 1,,,,,,,,0.0,EUR,0.0,0.0,0.0
39,40124,8800048085,10124,311223,TD,,Maite Castro,28223 Madrid,,,,,,,,0.0,EUR,0.0,0.0,0.0
39,40124,8800048085,10124,311223,TD,,Maite Castro,Servicios Profesiona,2,S,623042,,50,,5C,-5000.0,EUR,0.0,5000.0,-5000.0
40,40124,8800048086,10124,311223,TD,,Maite Castro,Telefonica Moviles,1,K,410901,,29,,5C,700.0,EUR,700.0,0.0,700.0
"40,40124,8800048086,10124,311223,TD,,Maite Castro,""Edificio Central, Pl. 2a,C/ Ronda d"",,,,,,,,0.0,EUR,0.0,0.0,0.0"
40,40124,8800048086,10124,311223,TD,,Maite Castro,28050 Madrid,,,,,,,,0.0,EUR,0.0,0.0,0.0
40,40124,8800048086,10124,311223,TD,,Maite Castro,Servicios Profesiona,2,S,623042,,50,,5C,-700.0,EUR,0.0,700.0,-700.0
41,40124,8800048087,10124,311223,TD,,Maite Castro,Telefonica Moviles,1,K,410901,,29,,5C,2807.47,EUR,2807.47,0.0,2807.47
"41,40124,8800048087,10124,311223,TD,,Maite Castro,""Edificio Central, Pl. 2a,C/ Ronda d"",,,,,,,,0.0,EUR,0.0,0.0,0.0"
41,40124,8800048087,10124,311223,TD,,Maite Castro,28050 Madrid,,,,,,,,0.0,EUR,0.0,0.0,0.0
41,40124,8800048087,10124,311223,TD,,Maite Castro,Telefono Móvil. Line,2,S,629404,,50,,5C,-2807.47,EUR,0.0,2807.47,-2807.47
42,40124,8800048088,10124,311223,TD,,Santiago Villavicencio,SHARINGFACTION S.L.U.,1,K,410901,,29,,5C,13296.73,EUR,13296.73,0.0,13296.73
42,40124,8800048088,10124,311223,TD,,Santiago Villavicencio,c/GALILEO 288 3a planta,,,,,,,,0.0,EUR,0.0,0.0,0.0
42,40124,8800048088,10124,311223,TD,,Santiago Villavicencio,08028 BARCELONA,,,,,,,,0.0,EUR,0.0,0.0,0.0
42,40124,8800048088,10124,311223,TD,,Santiago Villavicencio,Trabajos realizados,2,S,607002,,50,,5C,-13296.73,EUR,0.0,13296.73,-13296.73
43,40124,8800048089,10124,311223,TD,,Santiago Villavicencio,SHARINGFACTION S.L.U.,1,K,410901,,29,,5C,2508.67,EUR,2508.67,0.0,2508.67
43,40124,8800048089,10124,311223,TD,,Santiago Villavicencio,c/GALILEO 288 3a planta,,,,,,,,0.0,EUR,0.0,0.0,0.0
43,40124,8800048089,10124,311223,TD,,Santiago Villavicencio,08028 BARCELONA,,,,,,,,0.0,EUR,0.0,0.0,0.0
43,40124,8800048089,10124,311223,TD,,Santiago Villavicencio,Otros tributos,2,S,631000,,50,,5C,-2508.67,EUR,0.0,2508.67,-2508.67
44,40124,8800048090,10124,311223,TD,,Santiago Villavicencio,TELEFÓNICA GLOBAL SERVICE,1,K,410901,,29,,5C,321.16,EUR,321.16,0.0,321.16
44,40124,8800048090,10124,311223,TD,,Santiago Villavicencio,Adalperostraße 82-86,,,,,,,,0.0,EUR,0.0,0.0,0.0
44,40124,8800048090,10124,311223,TD,,Santiago Villavicencio,85737 Ismaning,,,,,,,,0.0,EUR,0.0,0.0,0.0
44,40124,8800048090,10124,311223,TD,,Santiago Villavicencio,Trabajos realizados,2,S,607002,,50,,5C,-321.16,EUR,0.0,321.16,-321.16
45,40124,8800048091,10124,311223,TD,,Santiago Villavicencio,ADQUIRA ESPANA SA,1,K,410901,,29,,5C,481.33,EUR,481.33,0.0,481.33
45,40124,8800048091,10124,311223,TD,,Santiago Villavicencio,Julián Camarillo 53,,,,,,,,0.0,EUR,0.0,0.0,0.0
45,40124,8800048091,10124,311223,TD,,Santiago Villavicencio,28037 MADRID,,,,,,,,0.0,EUR,0.0,0.0,0.0
45,40124,8800048091,10124,311223,TD,,Santiago Villavicencio,Trabajos realizados,2,S,607002,,50,,5C,-481.33,EUR,0.0,481.33,-481.33
46,40124,8800048092,10124,311223,TD,,Maite Castro,Jesús Gomez de la O,1,K,410901,,29,,5C,501.2,EUR,501.2,0.0,501.2
46,40124,8800048092,10124,311223,TD,,Maite Castro,Calle Carabanchel 18,,,,,,,,0.0,EUR,0.0,0.0,0.0
46,40124,8800048092,10124,311223,TD,,Maite Castro,28902 Gefate,,,,,,,,0.0,EUR,0.0,0.0,0.0
46,40124,8800048092,10124,311223,TD,,Maite Castro,Correos,2,S,629100,,50,,5C,-501.2,EUR,0.0,501.2,-501.2
47,40124,8800048093,10124,311223,TD,,Santiago Villavicencio,SHARINGFACTION S.L.U.,1,K,410901,,29,,5C,1000.0,EUR,1000.0,0.0,1000.0
47,40124,8800048093,10124,311223,TD,,Santiago Villavicencio,c/GALILEO 288 3a planta,,,,,,,,0.0,EUR,0.0,0.0,0.0
47,40124,8800048093,10124,311223,TD,,Santiago Villavicencio,08028 BARCELONA,,,,,,,,0.0,EUR,0.0,0.0,0.0
47,40124,8800048093,10124,311223,TD,,Santiago Villavicencio,Trabajos realizados,2,S,607002,,50,,5C,-1000.0,EUR,0.0,1000.0,-1000.0
48,40124,8800048094,10124,311223,TD,,Santiago Villavicencio,ASSOCIACIO BARCELONA JAVA,1,K,410901,,29,,5C,2011.04,EUR,2011.04,0.0,2011.04
48,40124,8800048094,10124,311223,TD,,Santiago Villavicencio,GROUP,,,,,,,,0.0,EUR,0.0,0.0,0.0
48,40124,8800048094,10124,311223,TD,,Santiago Villavicencio,CPUdte,,,Reference No.,,,,,0.0,EUR,0.0,0.0,0.0
48,40124,8800048094,10124,311223,TD,,Santiago Villavicencio,Account Name..............,LIt,A,G/L,BA,PK,,VA,0.0,Curr,0.0,0.0,0.0
"48,40124,8800048094,10124,311223,TD,,Santiago Villavicencio,""C PORTELL, 16 1-2"",,,,,,,,0.0,EUR,0.0,0.0,0.0"
48,40124,8800048094,10124,311223,TD,,Santiago Villavicencio,08023 BARCELONA,,,,,,,,0.0,EUR,0.0,0.0,0.0
48,40124,8800048094,10124,311223,TD,,Santiago Villavicencio,Trabajos realizados,2,S,607002,,50,,5C,-2011.04,EUR,0.0,2011.04,-2011.04
49,40124,8800048095,10124,311223,TD,,Maite Castro,RICOH ESPANA SL.,1,K,410901,,29,,5C,1150.0,EUR,1150.0,0.0,1150.0
49,40124,8800048095,10124,311223,TD,,Maite Castro,AVENIDA VIA AUGUSTA 71-37,,,,,,,,0.0,EUR,0.0,0.0,0.0
49,40124,8800048095,10124,311223,TD,,Maite Castro,08174 SANT CUGAT DEL VALLES,,,,,,,,0.0,EUR,0.0,0.0,0.0
49,40124,8800048095,10124,311223,TD,,Maite Castro,Servicios Profesiona,2,S,623021,,50,,5C,-1150.0,EUR,0.0,1150.0,-1150.0
50,40124,8800048096,10124,311223,TD,,Maite Castro,DIGITAL RETAIL BCN S.L,1,K,410901,,29,,5C,1220.0,EUR,1220.0,0.0,1220.0
50,40124,8800048096,10124,311223,TD,,Maite Castro,C/ LLACUNA 162,,,,,,,,0.0,EUR,0.0,0.0,0.0
50,40124,8800048096,10124,311223,TD,,Maite Castro,08018 BARCELONA,,,,,,,,0.0,EUR,0.0,0.0,0.0
50,40124,8800048096,10124,311223,TD,,Maite Castro,Trabajos realizados,2,S,607002,,50,,5C,-1220.0,EUR,0.0,1220.0,-1220.0
"51,40124,8800048097,10124,311223,TD,,Antonio Vegas,""ATOS ORIGIN, SOCIEDAD ANO"",1,K,410901,,29,,5C,2500.0,EUR,2500.0,0.0,2500.0"
"51,40124,8800048097,10124,311223,TD,,Antonio Vegas,""C/ ALBARRACIN, 25"",,,,,,,,0.0,EUR,0.0,0.0,0.0"
51,40124,8800048097,10124,311223,TD,,Antonio Vegas,28037 MADRID,,,,,,,,0.0,EUR,0.0,0.0,0.0
51,40124,8800048097,10124,311223,TD,,Antonio Vegas,Trabajos realizados,2,S,607002,,50,,5C,-2500.0,EUR,0.0,2500.0,-2500.0
"52,40124,8800048098,10124,311223,TD,,Antonio Vegas,""ATOS ORIGIN, SOCIEDAD ANO"",1,K,410901,,29,,5C,2500.0,EUR,2500.0,0.0,2500.0"
"52,40124,8800048098,10124,311223,TD,,Antonio Vegas,""C/ ALBARRACIN, 25"",,,,,,,,0.0,EUR,0.0,0.0,0.0"
52,40124,8800048098,10124,311223,TD,,Antonio Vegas,28037 MADRID,,,,,,,,0.0,EUR,0.0,0.0,0.0
52,40124,8800048098,10124,311223,TD,,Antonio Vegas,Trabajos realizados,2,S,607002,,50,,5C,-2500.0,EUR,0.0,2500.0,-2500.0
"53,40124,8800048099,10124,311223,TD,,Antonio Vegas,""ATOS ORIGIN, SOCIEDAD ANO"",1,K,410901,,29,,5C,3525.0,EUR,3525.0,0.0,3525.0"
"53,40124,8800048099,10124,311223,TD,,Antonio Vegas,""C/ ALBARRACIN, 25"",,,,,,,,0.0,EUR,0.0,0.0,0.0"
53,40124,8800048099,10124,311223,TD,,Antonio Vegas,28037 MADRID,,,,,,,,0.0,EUR,0.0,0.0,0.0
53,40124,8800048099,10124,311223,TD,,Antonio Vegas,Trabajos realizados,2,S,607002,,50,,5C,-3525.0,EUR,0.0,3525.0,-3525.0
"54,40124,8800048100,10124,311223,TD,,Antonio Vegas,""ATOS ORIGIN, SOCIEDAD ANO"",1,K,410901,,29,,5C,5000.0,EUR,5000.0,0.0,5000.0"
"54,40124,8800048100,10124,311223,TD,,Antonio Vegas,""C/ ALBARRACIN, 25"",,,,,,,,0.0,EUR,0.0,0.0,0.0"
54,40124,8800048100,10124,311223,TD,,Antonio Vegas,28037 MADRID,,,,,,,,0.0,EUR,0.0,0.0,0.0
54,40124,8800048100,10124,311223,TD,,Antonio Vegas,Trabajos realizados,2,S,607002,,50,,5C,-5000.0,EUR,0.0,5000.0,-5000.0
"55,40124,8800048101,10124,311223,TD,,Antonio Vegas,""ATOS ORIGIN, SOCIEDAD ANO"",1,K,410901,,29,,5C,13229.37,EUR,13229.37,0.0,13229.37"
"55,40124,8800048101,10124,311223,TD,,Antonio Vegas,""C/ ALBARRACIN, 25"",,,,,,,,0.0,EUR,0.0,0.0,0.0"
55,40124,8800048101,10124,311223,TD,,Antonio Vegas,28037 MADRID,,,,,,,,0.0,EUR,0.0,0.0,0.0
55,40124,8800048101,10124,311223,TD,,Antonio Vegas,Telefono Fijo,2,S,629400,,50,,5C,-13229.37,EUR,0.0,13229.37,-13229.37
56,40124,8800048102,10124,311223,TD,,Maite Castro,RICOH ESPANA SL.,1,K,410901,,29,,5C,2300.0,EUR,2300.0,0.0,2300.0
56,40124,8800048102,10124,311223,TD,,Maite Castro,AVENIDA VIA AUGUSTA 71-37,,,,,,,,0.0,EUR,0.0,0.0,0.0
56,40124,8800048102,10124,311223,TD,,Maite Castro,08174 SANT CUGAT DEL VALLES,,,,,,,,0.0,EUR,0.0,0.0,0.0
56,40124,8800048102,10124,311223,TD,,Maite Castro,Servicios Profesiona,2,S,623021,,50,,5C,-2300.0,EUR,0.0,2300.0,-2300.0
57,40124,8800048103,10124,311223,TD,,Antonio Vegas,ASSOCIACIO BARCELONA JAVA,1,K,410901,,29,,5C,15000.0,EUR,15000.0,0.0,15000.0
57,40124,8800048103,10124,311223,TD,,Antonio Vegas,GROUP,,,,,,,,0.0,EUR,0.0,0.0,0.0
57,40124,8800048103,10124,311223,TD,,Antonio Vegas,CPUdte,,,Reference No.,,,,,0.0,EUR,0.0,0.0,0.0
57,40124,8800048103,10124,311223,TD,,Antonio Vegas,Account Name..............,LIt,A,G/L,BA,PK,,VA,0.0,Curr,0.0,0.0,0.0
"57,40124,8800048103,10124,311223,TD,,Antonio Vegas,""C PORTELL, 16 1-2"",,,,,,,,0.0,EUR,0.0,0.0,0.0"
57,40124,8800048103,10124,311223,TD,,Antonio Vegas,08023 BARCELONA,,,,,,,,0.0,EUR,0.0,0.0,0.0
57,40124,8800048103,10124,311223,TD,,Antonio Vegas,Trabajos realizados,2,S,607002,,50,,5C,-15000.0,EUR,0.0,15000.0,-15000.0
58,40124,8800048104,10124,311223,TD,,Antonio Vegas,ASSOCIACIO BARCELONA JAVA,1,K,410901,,29,,5C,5000.0,EUR,5000.0,0.0,5000.0
58,40124,8800048104,10124,311223,TD,,Antonio Vegas,GROUP,,,,,,,,0.0,EUR,0.0,0.0,0.0
"58,40124,8800048104,10124,311223,TD,,Antonio Vegas,""C PORTELL, 16 1-2"",,,,,,,,0.0,EUR,0.0,0.0,0.0"
58,40124,8800048104,10124,311223,TD,,Antonio Vegas,08023 BARCELONA,,,,,,,,0.0,EUR,0.0,0.0,0.0
58,40124,8800048104,10124,311223,TD,,Antonio Vegas,Trabajos realizados,2,S,607002,,50,,5C,-5000.0,EUR,0.0,5000.0,-5000.0
"59,40124,8800048105,10124,311223,TD,,Maite Castro,""ATOS ORIGIN, SOCIEDAD ANO"",1,K,410901,,29,,5C,99.7,EUR,99.7,0.0,99.7"
"59,40124,8800048105,10124,311223,TD,,Maite Castro,""C/ ALBARRACIN, 25"",,,,,,,,0.0,EUR,0.0,0.0,0.0"
59,40124,8800048105,10124,311223,TD,,Maite Castro,28037 MADRID,,,,,,,,0.0,EUR,0.0,0.0,0.0
59,40124,8800048105,10124,311223,TD,,Maite Castro,Mensajeros y Locomoc,2,S,629102,,50,,5C,-99.7,EUR,0.0,99.7,-99.7
60,40124,8800048106,10124,311223,TD,,Antonio Vegas,SHARINGFACTION S.L.U.,1,K,410901,,29,,5C,7000.0,EUR,7000.0,0.0,7000.0
60,40124,8800048106,10124,311223,TD,,Antonio Vegas,c/GALILEO 288 3a planta,,,,,,,,0.0,EUR,0.0,0.0,0.0
60,40124,8800048106,10124,311223,TD,,Antonio Vegas,08028 BARCELONA,,,,,,,,0.0,EUR,0.0,0.0,0.0
60,40124,8800048106,10124,311223,TD,,Antonio Vegas,Trabajos realizados,2,S,607002,,50,,5C,-7000.0,EUR,0.0,7000.0,-7000.0
61,290124,8800048119,10124,311223,TD,,Maite Castro,SABADELL CONSUMER FINANCE,1,D,485000,,9,,,25765.11,EUR,25765.11,0.0,25765.11
61,290124,8800048119,10124,311223,TD,,Maite Castro,PLAZA CATALUNYA 1,,,,,,,,0.0,EUR,0.0,0.0,0.0
61,290124,8800048119,10124,311223,TD,,Maite Castro,8201 SABADELL,,,,,,,,0.0,EUR,0.0,0.0,0.0
61,290124,8800048119,10124,311223,TD,,Maite Castro,Prest.Servicios.WIP,2,S,705100,,50,,,-25765.11,EUR,0.0,25765.11,-25765.11
62,290124,8800048120,10124,311223,TD,,Maite Castro,AVIOS GROUP (AGL) LIMITED,1,D,430900,,19,,,-15013.98,EUR,0.0,15013.98,-15013.98
62,290124,8800048120,10124,311223,TD,,Maite Castro,Milton Keynes,,,,,,,,0.0,EUR,0.0,0.0,0.0
62,290124,8800048120,10124,311223,TD,,Maite Castro,London,,,,,,,,0.0,EUR,0.0,0.0,0.0
62,290124,8800048120,10124,311223,TD,,Maite Castro,Prest.Servicios.WIP,2,S,705100,,40,,,15013.98,EUR,15013.98,0.0,15013.98
63,290124,8800048121,10124,311223,TD,,Maite Castro,REPSOL S.A,1,D,485000,,9,,,135645.4,EUR,135645.4,0.0,135645.4
63,290124,8800048121,10124,311223,TD,,Maite Castro,c/ Mendez Alvaro 44,,,,,,,,0.0,EUR,0.0,0.0,0.0
63,290124,8800048121,10124,311223,TD,,Maite Castro,28045 MADRID,,,,,,,,0.0,EUR,0.0,0.0,0.0
63,290124,8800048121,10124,311223,TD,,Maite Castro,Prest.Servicios.WIP,2,S,705100,,50,,,-135645.4,EUR,0.0,135645.4,-135645.4
64,290124,8800048122,10124,311223,TD,,Maite Castro,AIR MILES ESPAÑA S.A.,1,D,430900,,19,,,-2500.0,EUR,0.0,2500.0,-2500.0
64,290124,8800048122,10124,311223,TD,,Maite Castro,Avda. Bruselas 20,,,,,,,,0.0,EUR,0.0,0.0,0.0
64,290124,8800048122,10124,311223,TD,,Maite Castro,28108 ALCOBENDAS (Madrid),,,,,,,,0.0,EUR,0.0,0.0,0.0
64,290124,8800048122,10124,311223,TD,,Maite Castro,Prest.Servicios.WIP,2,S,705100,,40,,,2500.0,EUR,2500.0,0.0,2500.0
65,290124,8800048123,10124,311223,TD,,Maite Castro,BANCO CETELEM,1,D,430900,,19,,,-120000.0,EUR,0.0,120000.0,-120000.0
"65,290124,8800048123,10124,311223,TD,,Maite Castro,""C Retama, 3"",,,,,,,,0.0,EUR,0.0,0.0,0.0"
65,290124,8800048123,10124,311223,TD,,Maite Castro,28045 MADRID,,,,,,,,0.0,EUR,0.0,0.0,0.0
65,290124,8800048123,10124,311223,TD,,Maite Castro,Prest.Servicios.WIP,2,S,705100,,40,,,120000.0,EUR,120000.0,0.0,120000.0
66,290124,8800048124,10124,311223,TD,,Maite Castro,BON PREU SAU,1,D,430900,,19,,,-7000.0,EUR,0.0,7000.0,-7000.0
66,290124,8800048124,10124,311223,TD,,Maite Castro,CPUdte,,,Reference No.,,,,,0.0,EUR,0.0,0.0,0.0
66,290124,8800048124,10124,311223,TD,,Maite Castro,Account Name..............,LIt,A,G/L,BA,PK,,VA,0.0,Curr,0.0,0.0,0.0
"66,290124,8800048124,10124,311223,TD,,Maite Castro,""Cr C-17, Km. 73"",,,,,,,,0.0,EUR,0.0,0.0,0.0"
66,290124,8800048124,10124,311223,TD,,Maite Castro,08509 Les Masies de Voltregá (,,,,,,,,0.0,EUR,0.0,0.0,0.0
66,290124,8800048124,10124,311223,TD,,Maite Castro,Prest.Servicios.WIP,2,S,705100,,40,,,7000.0,EUR,7000.0,0.0,7000.0
"67,290124,8800048125,10124,311223,TD,,Maite Castro,""CAIXABANK, S.A."",1,D,430900,,19,,,-7000.0,EUR,0.0,7000.0,-7000.0"
"67,290124,8800048125,10124,311223,TD,,Maite Castro,""C/ PINTOR SOROLLA, 2"",,,,,,,,0.0,EUR,0.0,0.0,0.0"
67,290124,8800048125,10124,311223,TD,,Maite Castro,46002 VALENCIA,,,,,,,,0.0,EUR,0.0,0.0,0.0
67,290124,8800048125,10124,311223,TD,,Maite Castro,Prest.Servicios.WIP,2,S,705100,,40,,,7000.0,EUR,7000.0,0.0,7000.0
68,290124,8800048126,10124,311223,TD,,Maite Castro,CAJA LABORAL POPULAR,1,D,430900,,19,,,-45000.0,EUR,0.0,45000.0,-45000.0
68,290124,8800048126,10124,311223,TD,,Maite Castro,Paseo Arizmendiarrieta S/N,,,,,,,,0.0,EUR,0.0,0.0,0.0
68,290124,8800048126,10124,311223,TD,,Maite Castro,20500 Arrasate (Guipuzcoa),,,,,,,,0.0,EUR,0.0,0.0,0.0
68,290124,8800048126,10124,311223,TD,,Maite Castro,Prest.Servicios.WIP,2,S,705100,,40,,,45000.0,EUR,45000.0,0.0,45000.0
69,290124,8800048127,10124,311223,TD,,Maite Castro,GENERALITAT VALENCIANA,1,D,430900,,19,,,-15000.01,EUR,0.0,15000.01,-15000.01
69,290124,8800048127,10124,311223,TD,,Maite Castro,Paseo de la Albereda 16,,,,,,,,0.0,EUR,0.0,0.0,0.0
69,290124,8800048127,10124,311223,TD,,Maite Castro,46010 VALENCIA,,,,,,,,0.0,EUR,0.0,0.0,0.0
69,290124,8800048127,10124,311223,TD,,Maite Castro,Prest.Servicios.WIP,2,S,705100,,40,,,15000.01,EUR,15000.01,0.0,15000.01
70,290124,8800048128,10124,311223,TD,,Maite Castro,REIAL AUTOMÒBIL CLUB DE C,1,D,430900,,19,,,-8000.0,EUR,0.0,8000.0,-8000.0
"70,290124,8800048128,10124,311223,TD,,Maite Castro,""Avda. Diagonal, 687"",,,,,,,,0.0,EUR,0.0,0.0,0.0"
70,290124,8800048128,10124,311223,TD,,Maite Castro,08028 BARCELONA,,,,,,,,0.0,EUR,0.0,0.0,0.0
70,290124,8800048128,10124,311223,TD,,Maite Castro,Prest.Servicios.WIP,2,S,705100,,40,,,8000.0,EUR,8000.0,0.0,8000.0
71,290124,8800048129,10124,311223,TD,,Maite Castro,TELEFONICA DE ESPANA SAU,1,D,430900,,19,,,-18000.0,EUR,0.0,18000.0,-18000.0
"71,290124,8800048129,10124,311223,TD,,Maite Castro,""CL GRAN VIA, 28"",,,,,,,,0.0,EUR,0.0,0.0,0.0"
71,290124,8800048129,10124,311223,TD,,Maite Castro,28013 MADRID,,,,,,,,0.0,EUR,0.0,0.0,0.0
71,290124,8800048129,10124,311223,TD,,Maite Castro,Prest.Servicios.WIP,2,S,705100,,40,,,18000.0,EUR,18000.0,0.0,18000.0
72,290124,8800048130,10124,311223,TD,,Maite Castro,TRANSPORTS DE BARCELONA,1,D,430900,,19,,,-2000.0,EUR,0.0,2000.0,-2000.0
"72,290124,8800048130,10124,311223,TD,,Maite Castro,""CARRER 60, ZONA FRANCA 21-23"",,,,,,,,0.0,EUR,0.0,0.0,0.0"
72,290124,8800048130,10124,311223,TD,,Maite Castro,08040 BARCELONA,,,,,,,,0.0,EUR,0.0,0.0,0.0
72,290124,8800048130,10124,311223,TD,,Maite Castro,Prest.Servicios.WIP,2,S,705100,,40,,,2000.0,EUR,2000.0,0.0,2000.0
73,290124,8800048131,10124,311223,TD,,Maite Castro,COMPAÑIA ESPAÑOLA DE PETR,1,D,430900,,19,,,-8292.71,EUR,0.0,8292.71,-8292.71
73,290124,8800048131,10124,311223,TD,,Maite Castro,PASEO DE LA CASTELLANA 259 A.,,,,,,,,0.0,EUR,0.0,0.0,0.0
73,290124,8800048131,10124,311223,TD,,Maite Castro,28046 Madrid,,,,,,,,0.0,EUR,0.0,0.0,0.0
73,290124,8800048131,10124,311223,TD,,Maite Castro,Prest.Servicios.WIP,2,S,705100,,40,,,8292.71,EUR,8292.71,0.0,8292.71
74,290124,8800048132,10124,311223,TD,,Maite Castro,REAL MADRID C F,1,D,430900,,19,,,-22250.02,EUR,0.0,22250.02,-22250.02
74,290124,8800048132,10124,311223,TD,,Maite Castro,CONCHA ESPINA 1,,,,,,,,0.0,EUR,0.0,0.0,0.0
74,290124,8800048132,10124,311223,TD,,Maite Castro,28036 MADRID,,,,,,,,0.0,EUR,0.0,0.0,0.0
74,290124,8800048132,10124,311223,TD,,Maite Castro,Prest.Servicios.WIP,2,S,705100,,40,,,22250.02,EUR,22250.02,0.0,22250.02
75,290124,8800048133,10124,311223,TD,,Maite Castro,REAL MADRID C F,1,D,430900,,19,,,-43500.48,EUR,0.0,43500.48,-43500.48
75,290124,8800048133,10124,311223,TD,,Maite Castro,CONCHA ESPINA 1,,,,,,,,0.0,EUR,0.0,0.0,0.0
75,290124,8800048133,10124,311223,TD,,Maite Castro,CPUdte,,,Reference No.,,,,,0.0,EUR,0.0,0.0,0.0
75,290124,8800048133,10124,311223,TD,,Maite Castro,Account Name..............,LIt,A,G/L,BA,PK,,VA,0.0,Curr,0.0,0.0,0.0
75,290124,8800048133,10124,311223,TD,,Maite Castro,28036 MADRID,,,,,,,,0.0,EUR,0.0,0.0,0.0
75,290124,8800048133,10124,311223,TD,,Maite Castro,Prest.Servicios.WIP,2,S,705100,,40,,,43500.48,EUR,43500.48,0.0,43500.48
"76,290124,8800048134,10124,311223,TD,,Maite Castro,""CEPSA COMERCIAL PETRÓLEO,"",1,D,430900,,19,,,-19200.0,EUR,0.0,19200.0,-19200.0"
"76,290124,8800048134,10124,311223,TD,,Maite Castro,""Paseo De La Castellana,259 A TORRE"",,,,,,,,0.0,EUR,0.0,0.0,0.0"
76,290124,8800048134,10124,311223,TD,,Maite Castro,28046 MADRID,,,,,,,,0.0,EUR,0.0,0.0,0.0
76,290124,8800048134,10124,311223,TD,,Maite Castro,Prest.Servicios.WIP,2,S,705100,,40,,,19200.0,EUR,19200.0,0.0,19200.0
77,290124,8800048135,10124,311223,TD,,Maite Castro,REAL MADRID C F,1,D,430900,,19,,,-1000.0,EUR,0.0,1000.0,-1000.0
77,290124,8800048135,10124,311223,TD,,Maite Castro,CONCHA ESPINA 1,,,,,,,,0.0,EUR,0.0,0.0,0.0
77,290124,8800048135,10124,311223,TD,,Maite Castro,28036 MADRID,,,,,,,,0.0,EUR,0.0,0.0,0.0
77,290124,8800048135,10124,311223,TD,,Maite Castro,Prest.Servicios.WIP,2,S,705100,,40,,,1000.0,EUR,1000.0,0.0,1000.0
78,290124,8800048136,10124,311223,TD,,Maite Castro,AGÈNCIA PER A LA COMPETIT,1,D,430903,,19,,,-12869.32,EUR,0.0,12869.32,-12869.32
78,290124,8800048136,10124,311223,TD,,Maite Castro,DE L'EMPRESA,,,,,,,,0.0,EUR,0.0,0.0,0.0
"78,290124,8800048136,10124,311223,TD,,Maite Castro,""Psg. DE GRÀCIA, 129"",,,,,,,,0.0,EUR,0.0,0.0,0.0"
78,290124,8800048136,10124,311223,TD,,Maite Castro,08008 BARCELONA,,,,,,,,0.0,EUR,0.0,0.0,0.0
78,290124,8800048136,10124,311223,TD,,Maite Castro,Prest.Servicios.WIP,2,S,705100,,40,,,12869.32,EUR,12869.32,0.0,12869.32
79,290124,8800048137,10124,311223,TD,,Maite Castro,ASETEC Ingeniería de Sist,1,D,430900,,19,,,-15000.0,EUR,0.0,15000.0,-15000.0
"79,290124,8800048137,10124,311223,TD,,Maite Castro,""CALLE JAENAR, 27"",,,,,,,,0.0,EUR,0.0,0.0,0.0"
79,290124,8800048137,10124,311223,TD,,Maite Castro,28043 MADRID,,,,,,,,0.0,EUR,0.0,0.0,0.0
79,290124,8800048137,10124,311223,TD,,Maite Castro,Prest.Servicios.WIP,2,S,705100,,40,,,15000.0,EUR,15000.0,0.0,15000.0
"80,290124,8800048138,10124,311223,TD,,Maite Castro,""CEPSA COMERCIAL PETRÓLEO,"",1,D,430900,,19,,,-4801.0,EUR,0.0,4801.0,-4801.0"
"80,290124,8800048138,10124,311223,TD,,Maite Castro,""Paseo De La Castellana,259 A TORRE"",,,,,,,,0.0,EUR,0.0,0.0,0.0"
80,290124,8800048138,10124,311223,TD,,Maite Castro,28046 MADRID,,,,,,,,0.0,EUR,0.0,0.0,0.0
80,290124,8800048138,10124,311223,TD,,Maite Castro,Prest.Servicios.WIP,2,S,705100,,40,,,4801.0,EUR,4801.0,0.0,4801.0
"81,290124,8800048139,10124,311223,TD,,Maite Castro,""KUTXABANK, S.A"",1,D,485000,,9,,,59348.89,EUR,59348.89,0.0,59348.89"
"81,290124,8800048139,10124,311223,TD,,Maite Castro,""GRAN VIA 30, Anexo I"",,,,,,,,0.0,EUR,0.0,0.0,0.0"
81,290124,8800048139,10124,311223,TD,,Maite Castro,48009 Bilbao,,,,,,,,0.0,EUR,0.0,0.0,0.0
81,290124,8800048139,10124,311223,TD,,Maite Castro,Prest.Servicios.WIP,2,S,705100,,50,,,-59348.89,EUR,0.0,59348.89,-59348.89
"82,290124,8800048140,10124,311223,TD,,Maite Castro,""KUTXABANK, S.A"",1,D,430900,,19,,,-72005.99,EUR,0.0,72005.99,-72005.99"
"82,290124,8800048140,10124,311223,TD,,Maite Castro,""GRAN VIA 30, Anexo I"",,,,,,,,0.0,EUR,0.0,0.0,0.0"
82,290124,8800048140,10124,311223,TD,,Maite Castro,48009 Bilbao,,,,,,,,0.0,EUR,0.0,0.0,0.0
82,290124,8800048140,10124,311223,TD,,Maite Castro,Prest.Servicios.WIP,2,S,705100,,40,,,72005.99,EUR,72005.99,0.0,72005.99
"83,290124,8800048141,10124,311223,TD,,Maite Castro,""KUTXABANK, S.A"",1,D,430900,,19,,,-5090.34,EUR,0.0,5090.34,-5090.34"
"83,290124,8800048141,10124,311223,TD,,Maite Castro,""GRAN VIA 30, Anexo I"",,,,,,,,0.0,EUR,0.0,0.0,0.0"
83,290124,8800048141,10124,311223,TD,,Maite Castro,48009 Bilbao,,,,,,,,0.0,EUR,0.0,0.0,0.0
83,290124,8800048141,10124,311223,TD,,Maite Castro,Prest.Servicios.WIP,2,S,705100,,40,,,5090.34,EUR,5090.34,0.0,5090.34
84,290124,8800048142,10124,311223,TD,,Maite Castro,CaixaBank Payments & Cons,1,D,485000,,9,,,256170.95,EUR,256170.95,0.0,256170.95
"84,290124,8800048142,10124,311223,TD,,Maite Castro,""E.F.C. E.P., S.A.U."",,,,,,,,0.0,EUR,0.0,0.0,0.0"
84,290124,8800048142,10124,311223,TD,,Maite Castro,CPUdte,,,Reference No.,,,,,0.0,EUR,0.0,0.0,0.0
84,290124,8800048142,10124,311223,TD,,Maite Castro,Account Name..............,LIt,A,G/L,BA,PK,,VA,0.0,Curr,0.0,0.0,0.0
"84,290124,8800048142,10124,311223,TD,,Maite Castro,""Avenida de Manoteras, 20"",,,,,,,,0.0,EUR,0.0,0.0,0.0"
84,290124,8800048142,10124,311223,TD,,Maite Castro,28050 MADRID,,,,,,,,0.0,EUR,0.0,0.0,0.0
84,290124,8800048142,10124,311223,TD,,Maite Castro,Prest.Servicios.WIP,2,S,705100,,50,,,-256170.95,EUR,0.0,256170.95,-256170.95
85,290124,8800048143,10124,311223,TD,,Maite Castro,RCI BANQUE SA,1,D,430900,,19,,,-3645.0,EUR,0.0,3645.0,-3645.0
"85,290124,8800048143,10124,311223,TD,,Maite Castro,""AVDA. DE EUROPA 1, EDIFICIO A"",,,,,,,,0.0,EUR,0.0,0.0,0.0"
85,290124,8800048143,10124,311223,TD,,Maite Castro,28108 ALCOBENDAS,,,,,,,,0.0,EUR,0.0,0.0,0.0
85,290124,8800048143,10124,311223,TD,,Maite Castro,Prest.Servicios.WIP,2,S,705100,,40,,,3645.0,EUR,3645.0,0.0,3645.0
86,290124,8800048144,10124,311223,TD,,Maite Castro,VFS FINANCIAL SERVICES SP,1,D,485000,,9,,,23637.51,EUR,23637.51,0.0,23637.51
86,290124,8800048144,10124,311223,TD,,Maite Castro,EFC SA,,,,,,,,0.0,EUR,0.0,0.0,0.0
86,290124,8800048144,10124,311223,TD,,Maite Castro,Calle Gobelas 41-45,,,,,,,,0.0,EUR,0.0,0.0,0.0
86,290124,8800048144,10124,311223,TD,,Maite Castro,28023 Madrid,,,,,,,,0.0,EUR,0.0,0.0,0.0
86,290124,8800048144,10124,311223,TD,,Maite Castro,Prest.Servicios.WIP,2,S,705100,,50,,,-23637.51,EUR,0.0,23637.51,-23637.51
87,290124,8800048145,10124,311223,TD,,Maite Castro,Informàtica Crèdit Andorr,1,D,430900,,19,,,-3200.2,EUR,0.0,3200.2,-3200.2
"87,290124,8800048145,10124,311223,TD,,Maite Castro,""c/ Isidre Valls, s-n"",,,,,,,,0.0,EUR,0.0,0.0,0.0"
87,290124,8800048145,10124,311223,TD,,Maite Castro,AD600 Sant Julià de Lòria,,,,,,,,0.0,EUR,0.0,0.0,0.0
87,290124,8800048145,10124,311223,TD,,Maite Castro,Prest.Servicios.WIP,2,S,705100,,40,,,3200.2,EUR,3200.2,0.0,3200.2
88,290124,8800048146,10124,311223,TD,,Maite Castro,EROSKI S COOP,1,D,430900,,19,,,-21146.33,EUR,0.0,21146.33,-21146.33
88,290124,8800048146,10124,311223,TD,,Maite Castro,PG/ SAN AGUSTIN S/N,,,,,,,,0.0,EUR,0.0,0.0,0.0
88,290124,8800048146,10124,311223,TD,,Maite Castro,48230 ELORRIO,,,,,,,,0.0,EUR,0.0,0.0,0.0
88,290124,8800048146,10124,311223,TD,,Maite Castro,Prest.Servicios.WIP,2,S,705100,,40,,,21146.33,EUR,21146.33,0.0,21146.33
89,290124,8800048147,10124,311223,TD,,Maite Castro,EROSKI S COOP,1,D,485000,,9,,,20926.99,EUR,20926.99,0.0,20926.99
89,290124,8800048147,10124,311223,TD,,Maite Castro,PG/ SAN AGUSTIN S/N,,,,,,,,0.0,EUR,0.0,0.0,0.0
89,290124,8800048147,10124,311223,TD,,Maite Castro,48230 ELORRIO,,,,,,,,0.0,EUR,0.0,0.0,0.0
89,290124,8800048147,10124,311223,TD,,Maite Castro,Prest.Servicios.WIP,2,S,705100,,50,,,-20926.99,EUR,0.0,20926.99,-20926.99
90,290124,8800048148,10124,311223,TD,,Maite Castro,UTE CENTRO ESTRADA,1,D,430900,,19,,,-1000.0,EUR,0.0,1000.0,-1000.0
90,290124,8800048148,10124,311223,TD,,Maite Castro,Anabel Segura 16,,,,,,,,0.0,EUR,0.0,0.0,0.0
90,290124,8800048148,10124,311223,TD,,Maite Castro,28108 Alcobendas Madrid,,,,,,,,0.0,EUR,0.0,0.0,0.0
90,290124,8800048148,10124,311223,TD,,Maite Castro,Prest.Servicios.WIP,2,S,705100,,40,,,1000.0,EUR,1000.0,0.0,1000.0
"91,290124,8800048149,10124,311223,TD,,Maite Castro,""CEPSA COMERCIAL PETRÓLEO,"",1,D,430903,,19,,,-3300.0,EUR,0.0,3300.0,-3300.0"
"91,290124,8800048149,10124,311223,TD,,Maite Castro,""Paseo De La Castellana,259 A TORRE"",,,,,,,,0.0,EUR,0.0,0.0,0.0"
91,290124,8800048149,10124,311223,TD,,Maite Castro,28046 MADRID,,,,,,,,0.0,EUR,0.0,0.0,0.0
91,290124,8800048149,10124,311223,TD,,Maite Castro,Prest.Servicios.WIP,2,S,705100,,40,,,3300.0,EUR,3300.0,0.0,3300.0
92,290124,8800048150,10124,311223,TD,,Maite Castro,CHEQUE DEJEUNER ESPAÑA,1,D,430900,,19,,,-1000.0,EUR,0.0,1000.0,-1000.0
"92,290124,8800048150,10124,311223,TD,,Maite Castro,""CALLE JUAN IGNACIO LUCA DE TENA, 14"",,,,,,,,0.0,EUR,0.0,0.0,0.0"
92,290124,8800048150,10124,311223,TD,,Maite Castro,28027 MADRID,,,,,,,,0.0,EUR,0.0,0.0,0.0
92,290124,8800048150,10124,311223,TD,,Maite Castro,Prest.Servicios.WIP,2,S,705100,,40,,,1000.0,EUR,1000.0,0.0,1000.0
93,290124,8800048151,10124,311223,TD,,Maite Castro,COMISSION EUROPEAN COMMUN,1,D,430903,,19,,,-174498.61,EUR,0.0,174498.61,-174498.61
93,290124,8800048151,10124,311223,TD,,Maite Castro,CPUdte,,,Reference No.,,,,,0.0,EUR,0.0,0.0,0.0
93,290124,8800048151,10124,311223,TD,,Maite Castro,Account Name..............,LIt,A,G/L,BA,PK,,VA,0.0,Curr,0.0,0.0,0.0
93,290124,8800048151,10124,311223,TD,,Maite Castro,F67075,,,,,,,,0.0,EUR,0.0,0.0,0.0
93,290124,8800048151,10124,311223,TD,,Maite Castro,COUNCIL OF EUROPE (STRAS,,,,,,,,0.0,EUR,0.0,0.0,0.0
93,290124,8800048151,10124,311223,TD,,Maite Castro,Prest.Servicios.WIP,2,S,705100,,40,,,174498.61,EUR,174498.61,0.0,174498.61
94,290124,8800048152,10124,311223,TD,,Maite Castro,CaixaBank Payments & Cons,1,D,430900,,19,,,-23900.0,EUR,0.0,23900.0,-23900.0
"94,290124,8800048152,10124,311223,TD,,Maite Castro,""E.F.C. E.P., S.A.U."",,,,,,,,0.0,EUR,0.0,0.0,0.0"
"94,290124,8800048152,10124,311223,TD,,Maite Castro,""Avenida de Manoteras, 20"",,,,,,,,0.0,EUR,0.0,0.0,0.0"
94,290124,8800048152,10124,311223,TD,,Maite Castro,28050 MADRID,,,,,,,,0.0,EUR,0.0,0.0,0.0
94,290124,8800048152,10124,311223,TD,,Maite Castro,Prest.Servicios.WIP,2,S,705100,,40,,,23900.0,EUR,23900.0,0.0,23900.0
"95,290124,8800048153,10124,311223,TD,,Maite Castro,""KUTXABANK, S.A"",1,D,430900,,19,,,-5067.72,EUR,0.0,5067.72,-5067.72"
"95,290124,8800048153,10124,311223,TD,,Maite Castro,""GRAN VIA 30, Anexo I"",,,,,,,,0.0,EUR,0.0,0.0,0.0"
95,290124,8800048153,10124,311223,TD,,Maite Castro,48009 Bilbao,,,,,,,,0.0,EUR,0.0,0.0,0.0
95,290124,8800048153,10124,311223,TD,,Maite Castro,Prest.Servicios.WIP,2,S,705100,,40,,,5067.72,EUR,5067.72,0.0,5067.72
96,290124,8800048154,10124,311223,TD,,Maite Castro,COMISSION EUROPEAN COMMUN,1,D,430903,,19,,,-89223.73,EUR,0.0,89223.73,-89223.73
96,290124,8800048154,10124,311223,TD,,Maite Castro,F67075,,,,,,,,0.0,EUR,0.0,0.0,0.0
96,290124,8800048154,10124,311223,TD,,Maite Castro,COUNCIL OF EUROPE (STRAS,,,,,,,,0.0,EUR,0.0,0.0,0.0
96,290124,8800048154,10124,311223,TD,,Maite Castro,Prest.Servicios.WIP,2,S,705100,,40,,,89223.73,EUR,89223.73,0.0,89223.73
"97,290124,8800048155,10124,311223,TD,,Maite Castro,""CEPSA COMERCIAL PETRÓLEO,"",1,D,430900,,19,,,-35183.39,EUR,0.0,35183.39,-35183.39"
"97,290124,8800048155,10124,311223,TD,,Maite Castro,""Paseo De La Castellana,259 A TORRE"",,,,,,,,0.0,EUR,0.0,0.0,0.0"
97,290124,8800048155,10124,311223,TD,,Maite Castro,28046 MADRID,,,,,,,,0.0,EUR,0.0,0.0,0.0
97,290124,8800048155,10124,311223,TD,,Maite Castro,Prest.Servicios.WIP,2,S,705100,,40,,,35183.39,EUR,35183.39,0.0,35183.39
"98,290124,8800048156,10124,311223,TD,,Maite Castro,""CEPSA COMERCIAL PETRÓLEO,"",1,D,430900,,19,,,-7710.92,EUR,0.0,7710.92,-7710.92"
"98,290124,8800048156,10124,311223,TD,,Maite Castro,""Paseo De La Castellana,259 A TORRE"",,,,,,,,0.0,EUR,0.0,0.0,0.0"
98,290124,8800048156,10124,311223,TD,,Maite Castro,28046 MADRID,,,,,,,,0.0,EUR,0.0,0.0,0.0
98,290124,8800048156,10124,311223,TD,,Maite Castro,Prest.Servicios.WIP,2,S,705100,,40,,,7710.92,EUR,7710.92,0.0,7710.92
"99,290124,8800048157,10124,311223,TD,,Maite Castro,""KUTXABANK, S.A"",1,D,430900,,19,,,-1000.0,EUR,0.0,1000.0,-1000.0"
"99,290124,8800048157,10124,311223,TD,,Maite Castro,""GRAN VIA 30, Anexo I"",,,,,,,,0.0,EUR,0.0,0.0,0.0"
99,290124,8800048157,10124,311223,TD,,Maite Castro,48009 Bilbao,,,,,,,,0.0,EUR,0.0,0.0,0.0
99,290124,8800048157,10124,311223,TD,,Maite Castro,Prest.Servicios.WIP,2,S,705100,,40,,,1000.0,EUR,1000.0,0.0,1000.0
100,290124,8800048158,10124,311223,TD,,Maite Castro,EROSKI S COOP,1,D,485001,,9,,,27458.0,EUR,27458.0,0.0,27458.0
100,290124,8800048158,10124,311223,TD,,Maite Castro,PG/ SAN AGUSTIN S/N,,,,,,,,0.0,EUR,0.0,0.0,0.0
100,290124,8800048158,10124,311223,TD,,Maite Castro,48230 ELORRIO,,,,,,,,0.0,EUR,0.0,0.0,0.0
100,290124,8800048158,10124,311223,TD,,Maite Castro,Prest.Servicios.WIP,2,S,705100,,50,,,-27458.0,EUR,0.0,27458.0,-27458.0
101,290124,8800048159,10124,311223,TD,,Maite Castro,CaixaBank Payments & Cons,1,D,485001,,9,,,1003.39,EUR,1003.39,0.0,1003.39
"101,290124,8800048159,10124,311223,TD,,Maite Castro,""E.F.C. E.P., S.A.U."",,,,,,,,0.0,EUR,0.0,0.0,0.0"
"101,290124,8800048159,10124,311223,TD,,Maite Castro,""Avenida de Manoteras, 20"",,,,,,,,0.0,EUR,0.0,0.0,0.0"
101,290124,8800048159,10124,311223,TD,,Maite Castro,28050 MADRID,,,,,,,,0.0,EUR,0.0,0.0,0.0
101,290124,8800048159,10124,311223,TD,,Maite Castro,Prest.Servicios.WIP,2,S,705100,,50,,,-1003.39,EUR,0.0,1003.39,-1003.39
102,290124,8800048160,10124,311223,TD,,Maite Castro,CPUdte,,,Reference No.,,,,,0.0,EUR,0.0,0.0,0.0
102,290124,8800048160,10124,311223,TD,,Maite Castro,Account Name..............,LIt,A,G/L,BA,PK,,VA,0.0,Curr,0.0,0.0,0.0
102,290124,8800048160,10124,311223,TD,,Maite Castro,UNICAJA BANCO S.A.,1,D,430900,,19,,,-6149.16,EUR,0.0,6149.16,-6149.16
102,290124,8800048160,10124,311223,TD,,Maite Castro,Avda. Andalucía 10-12,,,,,,,,0.0,EUR,0.0,0.0,0.0
102,290124,8800048160,10124,311223,TD,,Maite Castro,29007 MALAGA,,,,,,,,0.0,EUR,0.0,0.0,0.0
102,290124,8800048160,10124,311223,TD,,Maite Castro,Prest.Servicios.WIP,2,S,705100,,40,,,6149.16,EUR,6149.16,0.0,6149.16
103,290124,8800048161,10124,311223,TD,,Maite Castro,Informàtica Crèdit Andorr,1,D,430903,,19,,,-23075.75,EUR,0.0,23075.75,-23075.75
"103,290124,8800048161,10124,311223,TD,,Maite Castro,""c/ Isidre Valls, s-n"",,,,,,,,0.0,EUR,0.0,0.0,0.0"
103,290124,8800048161,10124,311223,TD,,Maite Castro,AD600 Sant Julià de Lòria,,,,,,,,0.0,EUR,0.0,0.0,0.0
103,290124,8800048161,10124,311223,TD,,Maite Castro,Prest.Servicios.WIP,2,S,705100,,40,,,23075.75,EUR,23075.75,0.0,23075.75
"104,290124,8800048162,10124,311223,TD,,Maite Castro,""CEPSA COMERCIAL PETRÓLEO,"",1,D,430900,,19,,,-49986.23,EUR,0.0,49986.23,-49986.23"
"104,290124,8800048162,10124,311223,TD,,Maite Castro,""Paseo De La Castellana,259 A TORRE"",,,,,,,,0.0,EUR,0.0,0.0,0.0"
104,290124,8800048162,10124,311223,TD,,Maite Castro,28046 MADRID,,,,,,,,0.0,EUR,0.0,0.0,0.0
104,290124,8800048162,10124,311223,TD,,Maite Castro,Prest.Servicios.WIP,2,S,705100,,40,,,49986.23,EUR,49986.23,0.0,49986.23
105,290124,8800048163,10124,311223,TD,,Maite Castro,EVIDEN AG,1,D,485000,,9,,,32480.8,EUR,32480.8,0.0,32480.8
"105,290124,8800048163,10124,311223,TD,,Maite Castro,""Freilagerstrasse, 28"",,,,,,,,0.0,EUR,0.0,0.0,0.0"
105,290124,8800048163,10124,311223,TD,,Maite Castro,8047 Zürich,,,,,,,,0.0,EUR,0.0,0.0,0.0
105,290124,8800048163,10124,311223,TD,,Maite Castro,Prest.Servicios.WIP,2,S,705100,,50,,,-32480.8,EUR,0.0,32480.8,-32480.8
106,290124,8800048164,10124,311223,TD,,Maite Castro,EVIDEN AG,1,D,485000,,9,,,3562.73,EUR,3562.73,0.0,3562.73
"106,290124,8800048164,10124,311223,TD,,Maite Castro,""Freilagerstrasse, 28"",,,,,,,,0.0,EUR,0.0,0.0,0.0"
106,290124,8800048164,10124,311223,TD,,Maite Castro,8047 Zürich,,,,,,,,0.0,EUR,0.0,0.0,0.0
106,290124,8800048164,10124,311223,TD,,Maite Castro,Prest.Servicios.WIP,2,S,705100,,50,,,-3562.73,EUR,0.0,3562.73,-3562.73
107,290124,8800048165,10124,311223,TD,,Maite Castro,EVIDEN AG,1,D,430900,,19,,,-3547.36,EUR,0.0,3547.36,-3547.36
"107,290124,8800048165,10124,311223,TD,,Maite Castro,""Freilagerstrasse, 28"",,,,,,,,0.0,EUR,0.0,0.0,0.0"
107,290124,8800048165,10124,311223,TD,,Maite Castro,8047 Zürich,,,,,,,,0.0,EUR,0.0,0.0,0.0
107,290124,8800048165,10124,311223,TD,,Maite Castro,Prest.Servicios.WIP,2,S,705100,,40,,,3547.36,EUR,3547.36,0.0,3547.36
108,290124,8800048166,10124,311223,TD,,Maite Castro,SABADELL CONSUMER FINANCE,1,D,430900,,19,,,-911037.28,EUR,0.0,911037.28,-911037.28
108,290124,8800048166,10124,311223,TD,,Maite Castro,PLAZA CATALUNYA 1,,,,,,,,0.0,EUR,0.0,0.0,0.0
108,290124,8800048166,10124,311223,TD,,Maite Castro,8201 SABADELL,,,,,,,,0.0,EUR,0.0,0.0,0.0
108,290124,8800048166,10124,311223,TD,,Maite Castro,Prest.Servicios.WIP,2,S,705100,,40,,,911037.28,EUR,911037.28,0.0,911037.28
109,290124,8800048167,10124,311223,TD,,Maite Castro,SABADELL CONSUMER FINANCE,1,D,430900,,19,,,-47292.29,EUR,0.0,47292.29,-47292.29
109,290124,8800048167,10124,311223,TD,,Maite Castro,PLAZA CATALUNYA 1,,,,,,,,0.0,EUR,0.0,0.0,0.0
109,290124,8800048167,10124,311223,TD,,Maite Castro,8201 SABADELL,,,,,,,,0.0,EUR,0.0,0.0,0.0
109,290124,8800048167,10124,311223,TD,,Maite Castro,Prest.Servicios.WIP,2,S,705100,,40,,,47292.29,EUR,47292.29,0.0,47292.29
110,290124,8800048168,10124,311223,TD,,Maite Castro,SABADELL CONSUMER FINANCE,1,D,430900,,19,,,-15018.47,EUR,0.0,15018.47,-15018.47
110,290124,8800048168,10124,311223,TD,,Maite Castro,PLAZA CATALUNYA 1,,,,,,,,0.0,EUR,0.0,0.0,0.0
110,290124,8800048168,10124,311223,TD,,Maite Castro,8201 SABADELL,,,,,,,,0.0,EUR,0.0,0.0,0.0
110,290124,8800048168,10124,311223,TD,,Maite Castro,Prest.Servicios.WIP,2,S,705100,,40,,,15018.47,EUR,15018.47,0.0,15018.47
111,290124,8800048169,10124,311223,TD,,Maite Castro,SABADELL CONSUMER FINANCE,1,D,430900,,19,,,-1689.04,EUR,0.0,1689.04,-1689.04
111,290124,8800048169,10124,311223,TD,,Maite Castro,CPUdte,,,Reference No.,,,,,0.0,EUR,0.0,0.0,0.0
111,290124,8800048169,10124,311223,TD,,Maite Castro,Account Name..............,LIt,A,G/L,BA,PK,,VA,0.0,Curr,0.0,0.0,0.0
111,290124,8800048169,10124,311223,TD,,Maite Castro,PLAZA CATALUNYA 1,,,,,,,,0.0,EUR,0.0,0.0,0.0
111,290124,8800048169,10124,311223,TD,,Maite Castro,8201 SABADELL,,,,,,,,0.0,EUR,0.0,0.0,0.0
111,290124,8800048169,10124,311223,TD,,Maite Castro,Prest.Servicios.WIP,2,S,705100,,40,,,1689.04,EUR,1689.04,0.0,1689.04
112,290124,8800048170,10124,311223,TD,,Maite Castro,Informàtica Crèdit Andorr,1,D,430903,,19,,,-22849.14,EUR,0.0,22849.14,-22849.14
"112,290124,8800048170,10124,311223,TD,,Maite Castro,""c/ Isidre Valls, s-n"",,,,,,,,0.0,EUR,0.0,0.0,0.0"
112,290124,8800048170,10124,311223,TD,,Maite Castro,AD600 Sant Julià de Lòria,,,,,,,,0.0,EUR,0.0,0.0,0.0
112,290124,8800048170,10124,311223,TD,,Maite Castro,Prest.Servicios.WIP,2,S,705100,,40,,,22849.14,EUR,22849.14,0.0,22849.14
"113,290124,8800048171,10124,311223,TD,,Maite Castro,""Mora Banc Grup, S.A."",1,D,430903,,19,,,-33275.77,EUR,0.0,33275.77,-33275.77"
113,290124,8800048171,10124,311223,TD,,Maite Castro,Avinguda Meritxell 96,,,,,,,,0.0,EUR,0.0,0.0,0.0
113,290124,8800048171,10124,311223,TD,,Maite Castro,AD500 Andorra la Vella,,,,,,,,0.0,EUR,0.0,0.0,0.0
113,290124,8800048171,10124,311223,TD,,Maite Castro,Prest.Servicios.WIP,2,S,705100,,40,,,33275.77,EUR,33275.77,0.0,33275.77
114,290124,8800048172,10124,311223,TD,,Maite Castro,IBERCAJA BANCO S.A.,1,D,430903,,19,,,-7949.77,EUR,0.0,7949.77,-7949.77
114,290124,8800048172,10124,311223,TD,,Maite Castro,PLAZA BASILIO PARAISO 2,,,,,,,,0.0,EUR,0.0,0.0,0.0
114,290124,8800048172,10124,311223,TD,,Maite Castro,50008 ZARAGOZA,,,,,,,,0.0,EUR,0.0,0.0,0.0
114,290124,8800048172,10124,311223,TD,,Maite Castro,Prest.Servicios.WIP,2,S,705100,,40,,,7949.77,EUR,7949.77,0.0,7949.77
115,290124,8800048173,10124,311223,TD,,Maite Castro,CETELEM SERVICIOS INFORMA,1,D,485000,,9,,,1320.0,EUR,1320.0,0.0,1320.0
115,290124,8800048173,10124,311223,TD,,Maite Castro,PASEO DE LOS MELANCÓLICOS 14 A,,,,,,,,0.0,EUR,0.0,0.0,0.0
115,290124,8800048173,10124,311223,TD,,Maite Castro,28005 MADRID,,,,,,,,0.0,EUR,0.0,0.0,0.0
115,290124,8800048173,10124,311223,TD,,Maite Castro,Prest.Servicios.WIP,2,S,705100,,50,,,-1320.0,EUR,0.0,1320.0,-1320.0
116,290124,8800048174,10124,311223,TD,,Maite Castro,REPSOL COMERCIAL DE PROD,1,D,430900,,19,,,-255135.25,EUR,0.0,255135.25,-255135.25
116,290124,8800048174,10124,311223,TD,,Maite Castro,PETROLIFEROS,,,,,,,,0.0,EUR,0.0,0.0,0.0
116,290124,8800048174,10124,311223,TD,,Maite Castro,Calle Méndez Álvaro 44,,,,,,,,0.0,EUR,0.0,0.0,0.0
116,290124,8800048174,10124,311223,TD,,Maite Castro,28045 MADRID,,,,,,,,0.0,EUR,0.0,0.0,0.0
116,290124,8800048174,10124,311223,TD,,Maite Castro,Prest.Servicios.WIP,2,S,705100,,40,,,255135.25,EUR,255135.25,0.0,255135.25
117,290124,8800048175,10124,311223,TD,,Maite Castro,REPSOL COMERCIAL DE PROD,1,D,430900,,19,,,-16350.0,EUR,0.0,16350.0,-16350.0
117,290124,8800048175,10124,311223,TD,,Maite Castro,PETROLIFEROS,,,,,,,,0.0,EUR,0.0,0.0,0.0
117,290124,8800048175,10124,311223,TD,,Maite Castro,Calle Méndez Álvaro 44,,,,,,,,0.0,EUR,0.0,0.0,0.0
117,290124,8800048175,10124,311223,TD,,Maite Castro,28045 MADRID,,,,,,,,0.0,EUR,0.0,0.0,0.0
117,290124,8800048175,10124,311223,TD,,Maite Castro,Prest.Servicios.WIP,2,S,705100,,40,,,16350.0,EUR,16350.0,0.0,16350.0
118,290124,8800048176,10124,311223,TD,,Maite Castro,SABADELL CONSUMER FINANCE,1,D,485000,,9,,,165287.48,EUR,165287.48,0.0,165287.48
118,290124,8800048176,10124,311223,TD,,Maite Castro,PLAZA CATALUNYA 1,,,,,,,,0.0,EUR,0.0,0.0,0.0
118,290124,8800048176,10124,311223,TD,,Maite Castro,8201 SABADELL,,,,,,,,0.0,EUR,0.0,0.0,0.0
118,290124,8800048176,10124,311223,TD,,Maite Castro,Prest.Servicios.WIP,2,S,705100,,50,,,-165287.48,EUR,0.0,165287.48,-165287.48
119,290124,8800048177,10124,311223,TD,,Maite Castro,COMISSION EUROPEAN COMMUN,1,D,485001,,9,,,402522.84,EUR,402522.84,0.0,402522.84
119,290124,8800048177,10124,311223,TD,,Maite Castro,F67075,,,,,,,,0.0,EUR,0.0,0.0,0.0
119,290124,8800048177,10124,311223,TD,,Maite Castro,COUNCIL OF EUROPE (STRAS,,,,,,,,0.0,EUR,0.0,0.0,0.0
119,290124,8800048177,10124,311223,TD,,Maite Castro,Prest.Servicios.WIP,2,S,705100,,50,,,-402522.84,EUR,0.0,402522.84,-402522.84
120,290124,8800048178,10124,311223,TD,,Maite Castro,CPUdte,,,Reference No.,,,,,0.0,EUR,0.0,0.0,0.0
120,290124,8800048178,10124,311223,TD,,Maite Castro,Account Name..............,LIt,A,G/L,BA,PK,,VA,0.0,Curr,0.0,0.0,0.0
120,290124,8800048178,10124,311223,TD,,Maite Castro,CONDIS SUPERMERCATS  S A,1,D,485000,,9,,,5680.0,EUR,5680.0,0.0,5680.0
120,290124,8800048178,10124,311223,TD,,Maite Castro,C/ DEL MIG 72,,,,,,,,0.0,EUR,0.0,0.0,0.0
120,290124,8800048178,10124,311223,TD,,Maite Castro,08110 MONCADA,,,,,,,,0.0,EUR,0.0,0.0,0.0
120,290124,8800048178,10124,311223,TD,,Maite Castro,Prest.Servicios.WIP,2,S,705100,,50,,,-5680.0,EUR,0.0,5680.0,-5680.0
121,290124,8800048179,10124,311223,TD,,Maite Castro,EROSKI S COOP,1,D,430900,,19,,,-11884.6,EUR,0.0,11884.6,-11884.6
121,290124,8800048179,10124,311223,TD,,Maite Castro,PG/ SAN AGUSTIN S/N,,,,,,,,0.0,EUR,0.0,0.0,0.0
121,290124,8800048179,10124,311223,TD,,Maite Castro,48230 ELORRIO,,,,,,,,0.0,EUR,0.0,0.0,0.0
121,290124,8800048179,10124,311223,TD,,Maite Castro,Prest.Servicios.WIP,2,S,705100,,40,,,11884.6,EUR,11884.6,0.0,11884.6
122,290124,8800048180,10124,311223,TD,,Maite Castro,EROSKI S COOP,1,D,430900,,19,,,-7461.0,EUR,0.0,7461.0,-7461.0
122,290124,8800048180,10124,311223,TD,,Maite Castro,PG/ SAN AGUSTIN S/N,,,,,,,,0.0,EUR,0.0,0.0,0.0
122,290124,8800048180,10124,311223,TD,,Maite Castro,48230 ELORRIO,,,,,,,,0.0,EUR,0.0,0.0,0.0
122,290124,8800048180,10124,311223,TD,,Maite Castro,Prest.Servicios.WIP,2,S,705100,,40,,,7461.0,EUR,7461.0,0.0,7461.0
123,290124,8800048181,10124,311223,TD,,Maite Castro,EROSKI S COOP,1,D,430900,,19,,,-54238.0,EUR,0.0,54238.0,-54238.0
123,290124,8800048181,10124,311223,TD,,Maite Castro,PG/ SAN AGUSTIN S/N,,,,,,,,0.0,EUR,0.0,0.0,0.0
123,290124,8800048181,10124,311223,TD,,Maite Castro,48230 ELORRIO,,,,,,,,0.0,EUR,0.0,0.0,0.0
123,290124,8800048181,10124,311223,TD,,Maite Castro,Prest.Servicios.WIP,2,S,705100,,40,,,54238.0,EUR,54238.0,0.0,54238.0
124,290124,8800048182,10124,311223,TD,,Maite Castro,EVIDEN AG,1,D,430900,,19,,,-12275.99,EUR,0.0,12275.99,-12275.99
"124,290124,8800048182,10124,311223,TD,,Maite Castro,""Freilagerstrasse, 28"",,,,,,,,0.0,EUR,0.0,0.0,0.0"
124,290124,8800048182,10124,311223,TD,,Maite Castro,8047 Zürich,,,,,,,,0.0,EUR,0.0,0.0,0.0
124,290124,8800048182,10124,311223,TD,,Maite Castro,Prest.Servicios.WIP,2,S,705100,,40,,,12275.99,EUR,12275.99,0.0,12275.99
125,290124,8800048183,10124,311223,TD,,Maite Castro,Atos IT Solutions and Ser,1,D,430903,,19,,,-17382.68,EUR,0.0,17382.68,-17382.68
125,290124,8800048183,10124,311223,TD,,Maite Castro,Calle Albarracin 25,,,,,,,,0.0,EUR,0.0,0.0,0.0
125,290124,8800048183,10124,311223,TD,,Maite Castro,28037 MADRID,,,,,,,,0.0,EUR,0.0,0.0,0.0
125,290124,8800048183,10124,311223,TD,,Maite Castro,Prest.Servicios.WIP,2,S,705100,,40,,,17382.68,EUR,17382.68,0.0,17382.68
126,290124,8800048184,10124,311223,TD,,Maite Castro,EROSKI S COOP,1,D,430900,,19,,,-81219.0,EUR,0.0,81219.0,-81219.0
126,290124,8800048184,10124,311223,TD,,Maite Castro,PG/ SAN AGUSTIN S/N,,,,,,,,0.0,EUR,0.0,0.0,0.0
126,290124,8800048184,10124,311223,TD,,Maite Castro,48230 ELORRIO,,,,,,,,0.0,EUR,0.0,0.0,0.0
126,290124,8800048184,10124,311223,TD,,Maite Castro,Prest.Servicios.WIP,2,S,705100,,40,,,81219.0,EUR,81219.0,0.0,81219.0
127,290124,8800048185,10124,311223,TD,,Maite Castro,BANCA PUEYO S.A.,1,D,485001,,9,,,1498.0,EUR,1498.0,0.0,1498.0
127,290124,8800048185,10124,311223,TD,,Maite Castro,C/ RAMÓN Y CAJAL 1,,,,,,,,0.0,EUR,0.0,0.0,0.0
127,290124,8800048185,10124,311223,TD,,Maite Castro,06700 Villanueva de la Serena,,,,,,,,0.0,EUR,0.0,0.0,0.0
127,290124,8800048185,10124,311223,TD,,Maite Castro,Prest.Servicios.WIP,2,S,705100,,50,,,-1498.0,EUR,0.0,1498.0,-1498.0
128,290124,8800048186,10124,311223,TD,,Maite Castro,EVIDEN AG,1,D,485001,,9,,,68125.0,EUR,68125.0,0.0,68125.0
"128,290124,8800048186,10124,311223,TD,,Maite Castro,""Freilagerstrasse, 28"",,,,,,,,0.0,EUR,0.0,0.0,0.0"
128,290124,8800048186,10124,311223,TD,,Maite Castro,8047 Zürich,,,,,,,,0.0,EUR,0.0,0.0,0.0
128,290124,8800048186,10124,311223,TD,,Maite Castro,Prest.Servicios.WIP,2,S,705100,,50,,,-68125.0,EUR,0.0,68125.0,-68125.0
